{"type":"FeatureCollection","features":[{"type":"Feature","properties":{"i":0,"name":"Ostrów Tumski-Śródka-Zawady-Komandoria"},"geometry":{"type":"MultiPolygon","coordinates":[[[[16.96468,52.42016],[16.96509,52.42067],[16.96514,52.42072],[16.96532,52.42087],[16.96564,52.42114],[16.96606,52.42144],[16.96413,52.42879],[16.96387,52.42869],[16.96366,52.42862],[16.9626,52.42847],[16.96188,52.42835],[16.96048,52.42812],[16.96007,52.42802],[16.95955,52.4279],[16.95891,52.42777],[16.9579,52.42757],[16.95692,52.42729],[16.95598,52.42695],[16.95511,52.42654],[16.95441,52.42612],[16.95364,52.42567],[16.95296,52.42516],[16.9523,52.42461],[16.95171,52.42409],[16.95096,52.42349],[16.95067,52.42324],[16.95017,52.42286],[16.9495,52.4224],[16.94822,52.42164],[16.94773,52.42138],[16.94698,52.4209],[16.94641,52.42058],[16.94568,52.42017],[16.94441,52.41935],[16.94376,52.4189],[16.94277,52.41805],[16.94209,52.41754],[16.94161,52.41707],[16.94142,52.4169],[16.94121,52.41669],[16.94105,52.41625],[16.94085,52.41558],[16.94083,52.41522],[16.94123,52.41429],[16.9422,52.41299],[16.94249,52.41317],[16.94364,52.4123],[16.94449,52.41148],[16.9449,52.41069],[16.94519,52.40907],[16.94583,52.40745],[16.9464,52.40611],[16.94652,52.40509],[16.94576,52.40313],[16.94663,52.40349],[16.9474,52.404],[16.94849,52.40509],[16.94948,52.40473],[16.95002,52.40448],[16.95124,52.4038],[16.95165,52.40359],[16.95188,52.40353],[16.95407,52.40347],[16.95444,52.40346],[16.9541,52.40434],[16.95397,52.40473],[16.95392,52.40508],[16.95391,52.40551],[16.95397,52.40602],[16.95419,52.40659],[16.95768,52.40581],[16.96009,52.40493],[16.96094,52.40464],[16.96304,52.4039],[16.96562,52.40325],[16.96943,52.40257],[16.97079,52.40429],[16.96961,52.40464],[16.96765,52.40522],[16.9655,52.40589],[16.96469,52.40633],[16.96303,52.40709],[16.96242,52.40736],[16.96208,52.40756],[16.96219,52.40782],[16.9623,52.40801],[16.96298,52.40891],[16.96304,52.40899],[16.96312,52.40911],[16.96322,52.40926],[16.96471,52.41129],[16.96477,52.41144],[16.96483,52.41179],[16.96504,52.41291],[16.96571,52.4163],[16.96579,52.41672],[16.96592,52.41694],[16.96637,52.41769],[16.9673,52.41925],[16.96735,52.41936],[16.96738,52.41953],[16.96735,52.41963],[16.96716,52.41959],[16.9669,52.41957],[16.96627,52.41955],[16.96419,52.41944],[16.96468,52.42016]]]]}},{"type":"Feature","properties":{"i":1,"name":"Starołęka-Minikowo"},"geometry":{"type":"MultiPolygon","coordinates":[[[[16.94175,52.38058],[16.94064,52.38091],[16.93951,52.38122],[16.93872,52.3814],[16.93823,52.38149],[16.93724,52.38164],[16.93596,52.38184],[16.9354,52.38],[16.93463,52.37788],[16.93382,52.37635],[16.93286,52.37468],[16.93188,52.37347],[16.93034,52.37114],[16.92917,52.36934],[16.92814,52.36813],[16.92812,52.36811],[16.928,52.36799],[16.92786,52.36744],[16.92678,52.36601],[16.92639,52.36544],[16.92631,52.36529],[16.92601,52.36479],[16.92561,52.364],[16.92548,52.36349],[16.92544,52.36339],[16.92548,52.36293],[16.92525,52.3624],[16.92517,52.36219],[16.92492,52.36166],[16.92444,52.36097],[16.92412,52.36064],[16.92396,52.36049],[16.92331,52.35978],[16.92259,52.35921],[16.92192,52.35862],[16.92136,52.35814],[16.92078,52.35752],[16.92017,52.35702],[16.91943,52.35598],[16.91916,52.35562],[16.91904,52.35546],[16.91872,52.35505],[16.9184,52.35444],[16.91806,52.35372],[16.91774,52.35309],[16.91747,52.35225],[16.91729,52.35179],[16.91697,52.35098],[16.91703,52.3505],[16.917,52.35022],[16.91684,52.34956],[16.9167,52.34891],[16.91668,52.34853],[16.91623,52.34767],[16.91565,52.34702],[16.91428,52.3462],[16.91335,52.34587],[16.91217,52.3457],[16.91105,52.34569],[16.90973,52.34586],[16.90751,52.34593],[16.9066,52.34574],[16.90565,52.34554],[16.90505,52.34532],[16.9041,52.34489],[16.9041,52.34489],[16.90309,52.34442],[16.90244,52.34405],[16.90116,52.34315],[16.90095,52.34287],[16.90048,52.34231],[16.90021,52.34199],[16.89956,52.34095],[16.89931,52.3405],[16.89914,52.33996],[16.89914,52.33996],[16.899,52.33897],[16.89903,52.33854],[16.89916,52.33824],[16.89947,52.33799],[16.89981,52.33767],[16.90066,52.33715],[16.90105,52.33702],[16.9016,52.33689],[16.90321,52.33674],[16.90322,52.33674],[16.90393,52.33678],[16.90411,52.33679],[16.9058,52.33678],[16.90658,52.33673],[16.90721,52.33655],[16.90827,52.33603],[16.90866,52.33565],[16.90906,52.33516],[16.9093,52.33457],[16.90937,52.33388],[16.90997,52.33381],[16.91,52.33381],[16.91021,52.33378],[16.91033,52.33377],[16.91089,52.33371],[16.91156,52.33363],[16.91162,52.33362],[16.91162,52.33362],[16.91153,52.33337],[16.91153,52.33337],[16.91166,52.33325],[16.91296,52.3329],[16.91347,52.33275],[16.91464,52.33243],[16.91581,52.33211],[16.91597,52.33207],[16.91746,52.33166],[16.91761,52.33162],[16.91845,52.33139],[16.91944,52.33112],[16.92123,52.3305],[16.92283,52.32996],[16.92425,52.3297],[16.92604,52.32966],[16.92604,52.32966],[16.92587,52.32867],[16.92584,52.32849],[16.92569,52.32808],[16.92545,52.32743],[16.92545,52.32742],[16.92517,52.32664],[16.92508,52.3264],[16.92508,52.3264],[16.92508,52.3264],[16.9247,52.32597],[16.92469,52.32596],[16.92407,52.32525],[16.92351,52.32462],[16.92307,52.32412],[16.92277,52.32393],[16.92247,52.32378],[16.92247,52.32378],[16.92264,52.32375],[16.92389,52.32357],[16.92466,52.32337],[16.92483,52.32332],[16.92615,52.32298],[16.92633,52.32293],[16.92633,52.32293],[16.92617,52.32289],[16.92618,52.32288],[16.92623,52.32285],[16.92723,52.32227],[16.92721,52.32223],[16.92685,52.32155],[16.92685,52.32155],[16.92703,52.32145],[16.92703,52.32145],[16.927,52.32118],[16.92657,52.32081],[16.92666,52.32059],[16.92666,52.32058],[16.9265,52.32053],[16.92626,52.32046],[16.92646,52.32038],[16.92651,52.32019],[16.92651,52.32019],[16.92637,52.31932],[16.92636,52.31926],[16.92872,52.31868],[16.92872,52.31868],[16.92875,52.31867],[16.92981,52.3187],[16.92981,52.3187],[16.9314,52.31876],[16.93145,52.31873],[16.93145,52.31873],[16.93157,52.3192],[16.9316,52.3193],[16.93177,52.31984],[16.93171,52.32055],[16.93152,52.32141],[16.93076,52.32227],[16.93124,52.3241],[16.93156,52.32573],[16.93161,52.32609],[16.93174,52.32692],[16.93164,52.32729],[16.93144,52.32785],[16.93123,52.32859],[16.93126,52.32952],[16.93143,52.33028],[16.93147,52.33055],[16.93165,52.33102],[16.93184,52.33126],[16.93208,52.33191],[16.93216,52.33202],[16.93239,52.33234],[16.9325,52.33245],[16.93286,52.333],[16.93329,52.33404],[16.93336,52.33417],[16.93345,52.33431],[16.93352,52.33442],[16.93357,52.33459],[16.93359,52.33474],[16.9336,52.33488],[16.93353,52.33589],[16.93348,52.33668],[16.93344,52.33714],[16.93339,52.33776],[16.9334,52.33794],[16.93346,52.33813],[16.93353,52.33832],[16.93374,52.33864],[16.93388,52.33876],[16.93394,52.3388],[16.93402,52.33884],[16.93416,52.33888],[16.93441,52.33893],[16.93464,52.33895],[16.93483,52.33896],[16.93497,52.33896],[16.93513,52.33893],[16.93545,52.33888],[16.93561,52.33886],[16.93581,52.33887],[16.93607,52.33893],[16.93627,52.339],[16.93629,52.339],[16.93645,52.33908],[16.93676,52.33925],[16.93711,52.33949],[16.93726,52.33959],[16.93735,52.33969],[16.93743,52.33983],[16.93744,52.33985],[16.93776,52.34012],[16.93793,52.34025],[16.93806,52.34041],[16.93815,52.34056],[16.93835,52.341],[16.93852,52.34132],[16.93886,52.34192],[16.93912,52.34242],[16.93927,52.34268],[16.93932,52.34274],[16.93947,52.3429],[16.93974,52.34329],[16.93989,52.34357],[16.93998,52.34378],[16.94,52.34385],[16.93999,52.3439],[16.93993,52.34409],[16.93994,52.34419],[16.93998,52.34434],[16.94005,52.34431],[16.94048,52.34414],[16.94083,52.34401],[16.94094,52.34395],[16.94104,52.34389],[16.94123,52.34377],[16.94193,52.34329],[16.94223,52.34311],[16.94247,52.34297],[16.94267,52.34288],[16.94307,52.34271],[16.94412,52.34228],[16.94418,52.34227],[16.94428,52.34228],[16.94464,52.34229],[16.94482,52.34229],[16.94523,52.34228],[16.94544,52.34229],[16.9456,52.34231],[16.94572,52.34233],[16.94589,52.34239],[16.94681,52.34269],[16.94821,52.3432],[16.94861,52.34328],[16.94869,52.3433],[16.94908,52.34337],[16.94913,52.34337],[16.94919,52.34336],[16.9493,52.34332],[16.94937,52.3433],[16.94944,52.34329],[16.95003,52.34305],[16.95012,52.34302],[16.95217,52.34233],[16.95435,52.3416],[16.95532,52.34178],[16.95938,52.3425],[16.96029,52.34267],[16.96123,52.343],[16.96228,52.34334],[16.96352,52.344],[16.96395,52.34424],[16.96629,52.34728],[16.96341,52.34899],[16.96169,52.35003],[16.95944,52.35138],[16.95806,52.3522],[16.95623,52.35329],[16.9526,52.35544],[16.94661,52.35903],[16.94564,52.35968],[16.94686,52.3592],[16.94815,52.3588],[16.94912,52.35865],[16.95002,52.35857],[16.95135,52.35858],[16.9529,52.35877],[16.95454,52.35925],[16.95604,52.35989],[16.95784,52.36068],[16.96456,52.36351],[16.96542,52.36361],[16.96506,52.36525],[16.96512,52.36549],[16.96516,52.366],[16.9651,52.36621],[16.96495,52.36655],[16.96453,52.36709],[16.9643,52.36794],[16.96389,52.36938],[16.96386,52.36961],[16.96289,52.37259],[16.95597,52.37619],[16.95607,52.3763],[16.9561,52.37641],[16.95606,52.37647],[16.95593,52.37656],[16.9558,52.3766],[16.95564,52.37662],[16.95547,52.37661],[16.95534,52.37658],[16.95527,52.37653],[16.95516,52.37641],[16.95304,52.37702],[16.95109,52.37757],[16.95022,52.37783],[16.94867,52.37839],[16.94741,52.37883],[16.94534,52.37949],[16.94366,52.38001],[16.94371,52.38009],[16.94374,52.38017],[16.94373,52.38027],[16.94369,52.38036],[16.94363,52.38044],[16.94353,52.3805],[16.94342,52.38055],[16.94327,52.38059],[16.94318,52.38061],[16.94305,52.38061],[16.94288,52.3806],[16.94273,52.38055],[16.94264,52.38047],[16.94258,52.38034],[16.94175,52.38058]]]]}},{"type":"Feature","properties":{"i":2,"name":"Nowe Winogrady Wschód"},"geometry":{"type":"MultiPolygon","coordinates":[[[[16.94655,52.44121],[16.9444,52.44194],[16.94356,52.44219],[16.94306,52.4423],[16.94253,52.44239],[16.94146,52.44256],[16.94105,52.44258],[16.94095,52.4416],[16.94075,52.43973],[16.94067,52.43893],[16.94061,52.43831],[16.94046,52.43774],[16.94025,52.43731],[16.93943,52.43617],[16.93912,52.43571],[16.93876,52.43524],[16.93851,52.4349],[16.93938,52.43469],[16.94161,52.43385],[16.94282,52.43336],[16.9443,52.43275],[16.94631,52.43192],[16.94638,52.4323],[16.94653,52.4328],[16.94659,52.43298],[16.94673,52.43355],[16.94682,52.43393],[16.94696,52.43456],[16.94732,52.4361],[16.94743,52.43662],[16.94766,52.43754],[16.94775,52.43795],[16.94777,52.43811],[16.94775,52.43824],[16.94767,52.43848],[16.94655,52.44121]]]]}},{"type":"Feature","properties":{"i":3,"name":"Świerczewo"},"geometry":{"type":"MultiPolygon","coordinates":[[[[16.8962,52.37557],[16.89595,52.37558],[16.8957,52.37559],[16.89547,52.3756],[16.89524,52.37562],[16.89499,52.37565],[16.89478,52.37567],[16.89469,52.37568],[16.89461,52.3757],[16.8944,52.37573],[16.89414,52.37577],[16.89386,52.37583],[16.89366,52.37588],[16.89341,52.37594],[16.89319,52.376],[16.89293,52.37608],[16.89269,52.37615],[16.89248,52.37622],[16.89232,52.37629],[16.8922,52.37634],[16.89198,52.37643],[16.89166,52.37657],[16.89138,52.3767],[16.89112,52.37681],[16.89074,52.37699],[16.89038,52.37715],[16.89,52.37733],[16.88967,52.37748],[16.88935,52.37763],[16.88922,52.37768],[16.88918,52.37758],[16.88911,52.37737],[16.88901,52.3771],[16.88905,52.37555],[16.88853,52.3747],[16.88803,52.37397],[16.88682,52.37427],[16.88658,52.37435],[16.88577,52.37459],[16.88476,52.37497],[16.88417,52.37519],[16.88367,52.37544],[16.88367,52.37544],[16.8824,52.37607],[16.88218,52.37589],[16.88207,52.37593],[16.88145,52.37617],[16.88088,52.3764],[16.88078,52.37643],[16.88004,52.37724],[16.87989,52.37713],[16.87959,52.37688],[16.87932,52.37668],[16.87901,52.3763],[16.87876,52.37597],[16.8785,52.37565],[16.87826,52.37534],[16.87805,52.37508],[16.87765,52.37457],[16.8775,52.37439],[16.87725,52.37407],[16.87696,52.3737],[16.87688,52.3736],[16.87676,52.37343],[16.87651,52.373],[16.87633,52.37267],[16.87611,52.37228],[16.8761,52.37227],[16.87595,52.3715],[16.87598,52.37115],[16.87599,52.37107],[16.87605,52.3707],[16.87614,52.37046],[16.87618,52.37037],[16.87651,52.36962],[16.87654,52.36953],[16.87604,52.36932],[16.87594,52.36928],[16.8749,52.36875],[16.87388,52.36828],[16.87282,52.36779],[16.86957,52.36621],[16.86969,52.3661],[16.8697,52.3659],[16.86973,52.36582],[16.8698,52.3657],[16.86985,52.36552],[16.86991,52.36534],[16.86996,52.36519],[16.87003,52.36503],[16.87008,52.36494],[16.87014,52.36486],[16.87022,52.36477],[16.87026,52.36471],[16.87028,52.36467],[16.87031,52.36458],[16.87033,52.36453],[16.87039,52.36442],[16.87056,52.36428],[16.87057,52.36422],[16.87059,52.36417],[16.87075,52.3641],[16.87085,52.36405],[16.87088,52.36402],[16.87089,52.36398],[16.87093,52.36388],[16.87095,52.36384],[16.87098,52.36382],[16.87104,52.36378],[16.8711,52.36373],[16.87115,52.36367],[16.87119,52.36361],[16.87126,52.36354],[16.87134,52.36347],[16.87139,52.36339],[16.87141,52.36334],[16.87146,52.36329],[16.87147,52.36326],[16.87148,52.36323],[16.87148,52.3632],[16.87148,52.3631],[16.87148,52.36305],[16.87148,52.36301],[16.87151,52.36297],[16.87153,52.36294],[16.87154,52.3629],[16.87153,52.36286],[16.87153,52.36284],[16.87153,52.36283],[16.87157,52.36278],[16.87159,52.36275],[16.87164,52.36272],[16.87168,52.3627],[16.87174,52.36269],[16.8718,52.36268],[16.87194,52.36266],[16.87206,52.36264],[16.87228,52.36259],[16.87235,52.36257],[16.87249,52.36252],[16.8726,52.36248],[16.87272,52.36244],[16.87282,52.36241],[16.87284,52.36241],[16.87292,52.36234],[16.873,52.36212],[16.87301,52.36198],[16.87305,52.36184],[16.87311,52.3617],[16.8732,52.36163],[16.87325,52.36152],[16.87331,52.3614],[16.87334,52.36132],[16.87335,52.36129],[16.87336,52.36118],[16.87334,52.36106],[16.87337,52.36088],[16.8734,52.36072],[16.87339,52.36068],[16.87329,52.36055],[16.87321,52.36039],[16.87316,52.36028],[16.87314,52.3602],[16.87315,52.36013],[16.87313,52.36007],[16.87307,52.36003],[16.87304,52.35991],[16.87299,52.35986],[16.87293,52.35967],[16.87287,52.35959],[16.87269,52.35948],[16.87252,52.35936],[16.87236,52.35926],[16.87221,52.35915],[16.87215,52.35911],[16.87204,52.35899],[16.87196,52.35887],[16.87194,52.35881],[16.87194,52.3587],[16.8719,52.3586],[16.87186,52.3585],[16.8719,52.35836],[16.87198,52.35822],[16.87207,52.35807],[16.87215,52.35798],[16.87224,52.3579],[16.87234,52.35778],[16.87234,52.35778],[16.87239,52.35777],[16.87242,52.35776],[16.87238,52.3578],[16.87238,52.3578],[16.87262,52.35776],[16.87408,52.3575],[16.87511,52.35728],[16.87566,52.35714],[16.87585,52.35708],[16.87597,52.35705],[16.876,52.35704],[16.87626,52.35699],[16.87653,52.35697],[16.8768,52.35696],[16.87717,52.35696],[16.8779,52.35703],[16.87802,52.35704],[16.87812,52.35705],[16.87868,52.35703],[16.87868,52.35703],[16.8791,52.35694],[16.87978,52.35681],[16.87996,52.35681],[16.88082,52.35679],[16.88092,52.35678],[16.88105,52.35677],[16.8811,52.35677],[16.88148,52.35676],[16.88175,52.35674],[16.88201,52.35671],[16.88227,52.35666],[16.88257,52.3566],[16.88286,52.35652],[16.88312,52.35644],[16.88352,52.35632],[16.88407,52.35616],[16.88422,52.35611],[16.88435,52.356],[16.88437,52.35599],[16.88454,52.35585],[16.88455,52.35584],[16.88457,52.35582],[16.8848,52.3556],[16.88496,52.35548],[16.88524,52.35527],[16.88537,52.35517],[16.88595,52.35488],[16.88676,52.35456],[16.88753,52.35433],[16.88773,52.35429],[16.88813,52.3542],[16.8885,52.35412],[16.88856,52.35421],[16.88862,52.35428],[16.88874,52.35445],[16.88875,52.35447],[16.8891,52.35493],[16.88912,52.35497],[16.88931,52.35522],[16.88932,52.35524],[16.88932,52.35524],[16.88949,52.35547],[16.88958,52.35585],[16.88964,52.35612],[16.88964,52.35612],[16.88974,52.35609],[16.89175,52.35546],[16.8918,52.35544],[16.89199,52.35538],[16.89201,52.35538],[16.89202,52.35537],[16.89285,52.3558],[16.89403,52.35583],[16.89499,52.35577],[16.895,52.35578],[16.89513,52.35603],[16.89517,52.35603],[16.89592,52.35591],[16.89669,52.35583],[16.89669,52.35583],[16.89682,52.35581],[16.89682,52.35581],[16.89693,52.35612],[16.89704,52.35645],[16.8972,52.35693],[16.89736,52.35739],[16.89754,52.35792],[16.89772,52.35845],[16.89786,52.35884],[16.89803,52.35935],[16.89821,52.35988],[16.8984,52.36045],[16.89858,52.36098],[16.89875,52.36145],[16.8989,52.36189],[16.89907,52.36239],[16.89922,52.36283],[16.89938,52.36331],[16.89951,52.36368],[16.8996,52.36394],[16.89968,52.36418],[16.89981,52.36457],[16.89993,52.36494],[16.90004,52.36525],[16.90017,52.36564],[16.90034,52.36613],[16.90055,52.36672],[16.90069,52.36717],[16.90087,52.36767],[16.90104,52.36817],[16.90117,52.36857],[16.90138,52.36917],[16.90155,52.36966],[16.90169,52.37008],[16.90183,52.37051],[16.90196,52.3709],[16.90213,52.37137],[16.90229,52.37185],[16.90241,52.3722],[16.90257,52.37268],[16.90264,52.37286],[16.90268,52.37298],[16.9027,52.37305],[16.90273,52.37314],[16.90276,52.37324],[16.90281,52.37338],[16.90286,52.37353],[16.90291,52.37366],[16.90295,52.37379],[16.90298,52.3739],[16.90302,52.374],[16.90304,52.3741],[16.90307,52.37419],[16.9031,52.37434],[16.90312,52.37445],[16.90313,52.37453],[16.90314,52.37461],[16.90315,52.37465],[16.90275,52.37476],[16.9025,52.37483],[16.90198,52.37498],[16.90162,52.37508],[16.90127,52.37517],[16.90093,52.37527],[16.9007,52.37533],[16.90051,52.37537],[16.90037,52.37539],[16.90022,52.37542],[16.89998,52.37547],[16.89972,52.3755],[16.89944,52.37554],[16.89917,52.37557],[16.89887,52.37559],[16.89858,52.37561],[16.89825,52.37562],[16.89803,52.37562],[16.89748,52.37561],[16.8972,52.3756],[16.89695,52.37559],[16.89672,52.37558],[16.89648,52.37558],[16.8962,52.37557]]]]}},{"type":"Feature","properties":{"i":4,"name":"Warszawskie-Pomet-Maltańskie"},"geometry":{"type":"MultiPolygon","coordinates":[[[[17.00536,52.42038],[17.00415,52.42101],[17.00263,52.4218],[17.00146,52.42241],[17.00066,52.42283],[17.00013,52.42311],[16.99917,52.42361],[16.99786,52.42429],[16.99698,52.42475],[16.99625,52.42513],[16.99575,52.4254],[16.99544,52.42555],[16.99506,52.42544],[16.99346,52.42494],[16.99245,52.42462],[16.99179,52.42442],[16.99032,52.42397],[16.98849,52.4234],[16.98637,52.42274],[16.98502,52.42232],[16.98328,52.42178],[16.98218,52.42144],[16.98119,52.42113],[16.98047,52.42091],[16.97982,52.42071],[16.97922,52.42052],[16.97867,52.42035],[16.97784,52.42009],[16.97738,52.41995],[16.97695,52.41981],[16.97669,52.41973],[16.97619,52.41959],[16.97619,52.41959],[16.9747,52.41915],[16.97331,52.41872],[16.97231,52.41841],[16.97169,52.41822],[16.97085,52.41796],[16.97042,52.41783],[16.96934,52.41749],[16.9686,52.41726],[16.96814,52.41711],[16.96629,52.41649],[16.96571,52.4163],[16.96504,52.41291],[16.96483,52.41179],[16.96477,52.41144],[16.96471,52.41129],[16.96322,52.40926],[16.96312,52.40911],[16.96304,52.40899],[16.96298,52.40891],[16.9623,52.40801],[16.96219,52.40782],[16.96208,52.40756],[16.96242,52.40736],[16.96303,52.40709],[16.96469,52.40633],[16.9655,52.40589],[16.96765,52.40522],[16.96961,52.40464],[16.97079,52.40429],[16.96943,52.40257],[16.96972,52.40252],[16.97373,52.40203],[16.97594,52.40187],[16.97736,52.40177],[16.97892,52.40165],[16.97946,52.40161],[16.98449,52.40114],[16.98899,52.40087],[16.98902,52.40091],[16.98909,52.40112],[16.98924,52.40158],[16.98925,52.40162],[16.98927,52.40167],[16.98946,52.40206],[16.9895,52.40213],[16.98954,52.40222],[16.98958,52.40231],[16.98977,52.40246],[16.98954,52.40258],[16.98931,52.40265],[16.98924,52.40268],[16.98864,52.40298],[16.98832,52.40304],[16.98852,52.40314],[16.98888,52.40326],[16.98927,52.40333],[16.98984,52.40344],[16.99028,52.40354],[16.99106,52.40359],[16.99158,52.40353],[16.99217,52.40349],[16.99271,52.40342],[16.99311,52.40338],[16.99361,52.40341],[16.99416,52.40339],[16.99427,52.40341],[16.99461,52.4035],[16.99502,52.40359],[16.99516,52.40362],[16.99541,52.40372],[16.99578,52.40378],[16.99618,52.40387],[16.99662,52.40398],[16.99706,52.40412],[16.99747,52.40424],[16.99777,52.40434],[16.99809,52.40448],[16.99844,52.40462],[16.99895,52.40471],[16.99913,52.40477],[16.99915,52.40478],[16.99937,52.40481],[16.9996,52.40484],[17.00039,52.40493],[17.0007,52.40499],[17.00108,52.40514],[17.00148,52.40531],[17.002,52.40555],[17.00206,52.40557],[17.00265,52.40574],[17.00326,52.40591],[17.00332,52.40594],[17.00343,52.40595],[17.00439,52.40605],[17.00454,52.40606],[17.00453,52.40608],[17.00452,52.40609],[17.00437,52.4064],[17.00407,52.4067],[17.00368,52.40687],[17.00357,52.40691],[17.00295,52.40702],[17.00252,52.40713],[17.00204,52.40728],[17.00093,52.40766],[16.99956,52.40816],[16.9993,52.40829],[16.99922,52.40834],[16.99902,52.40845],[16.99866,52.4086],[16.9983,52.40872],[16.99719,52.40898],[16.99705,52.40902],[16.99695,52.40909],[16.9969,52.40914],[16.99688,52.40917],[16.99686,52.40922],[16.99686,52.40969],[16.99682,52.40973],[16.99681,52.41013],[16.99715,52.41014],[17.00212,52.41034],[17.00325,52.4104],[17.00646,52.41048],[17.00686,52.41048],[17.00957,52.41061],[17.01074,52.41064],[17.01102,52.41064],[17.01405,52.41074],[17.0141,52.41092],[17.01411,52.41096],[17.01417,52.41106],[17.01447,52.41169],[17.01462,52.41193],[17.01463,52.41195],[17.01431,52.41228],[17.01407,52.41252],[17.01367,52.41293],[17.01296,52.41366],[17.01264,52.41398],[17.01228,52.41435],[17.01112,52.41553],[17.01075,52.41591],[17.01067,52.41598],[17.00981,52.41686],[17.00907,52.41761],[17.00786,52.41884],[17.00745,52.41926],[17.00739,52.41932],[17.00663,52.41972],[17.00536,52.42038]]]]}},{"type":"Feature","properties":{"i":5,"name":"Sołacz"},"geometry":{"type":"MultiPolygon","coordinates":[[[[16.90993,52.42501],[16.90984,52.4252],[16.9098,52.42534],[16.90984,52.42547],[16.90984,52.42552],[16.90997,52.4256],[16.90994,52.42568],[16.90993,52.42575],[16.91017,52.42578],[16.91026,52.42589],[16.91029,52.42595],[16.91026,52.42599],[16.91026,52.42601],[16.91031,52.42607],[16.91033,52.42613],[16.91035,52.42618],[16.91034,52.42625],[16.91034,52.42632],[16.91032,52.42637],[16.9103,52.4264],[16.91032,52.42649],[16.91029,52.42653],[16.91028,52.42656],[16.91027,52.42661],[16.91028,52.42664],[16.91033,52.42668],[16.91034,52.42669],[16.91035,52.4267],[16.91036,52.42672],[16.91036,52.42675],[16.91036,52.42679],[16.91039,52.42683],[16.9105,52.4271],[16.91053,52.42716],[16.91059,52.42721],[16.91046,52.42725],[16.91003,52.42737],[16.90908,52.42766],[16.90765,52.42812],[16.90735,52.42824],[16.90607,52.42874],[16.90567,52.42891],[16.90462,52.42944],[16.90363,52.42995],[16.90342,52.43006],[16.90327,52.43014],[16.90262,52.43048],[16.90316,52.43089],[16.90359,52.43128],[16.90387,52.43154],[16.90431,52.43202],[16.90477,52.43257],[16.90534,52.43335],[16.90624,52.43458],[16.90641,52.43481],[16.90595,52.4348],[16.90589,52.4348],[16.90467,52.43513],[16.90286,52.43564],[16.90107,52.43616],[16.90108,52.43618],[16.90213,52.43804],[16.90215,52.43806],[16.90289,52.43936],[16.90337,52.44022],[16.9034,52.44029],[16.90339,52.44036],[16.90331,52.44042],[16.90227,52.44107],[16.90213,52.44117],[16.90194,52.44111],[16.89884,52.44001],[16.89615,52.43905],[16.89544,52.43879],[16.89482,52.43861],[16.89367,52.43836],[16.8935,52.43833],[16.89303,52.43827],[16.89244,52.43821],[16.89192,52.43818],[16.89042,52.43813],[16.88774,52.43801],[16.88717,52.43798],[16.88576,52.43793],[16.88398,52.43786],[16.88329,52.43784],[16.88286,52.43784],[16.88223,52.43787],[16.88174,52.43786],[16.87893,52.43787],[16.87762,52.43786],[16.87495,52.43786],[16.87437,52.43788],[16.87389,52.43788],[16.87334,52.43789],[16.87287,52.43791],[16.8725,52.43794],[16.87219,52.43799],[16.87183,52.43806],[16.87027,52.4384],[16.8697,52.43851],[16.86914,52.43859],[16.86889,52.43862],[16.86836,52.43867],[16.86758,52.4387],[16.86699,52.4387],[16.86634,52.43867],[16.86572,52.43858],[16.86491,52.43845],[16.8642,52.43829],[16.86366,52.43815],[16.86297,52.43794],[16.86234,52.4377],[16.86234,52.4377],[16.86203,52.43757],[16.8612,52.43716],[16.85948,52.43633],[16.8576,52.43542],[16.85801,52.43543],[16.85815,52.43538],[16.85829,52.43527],[16.85845,52.43518],[16.85848,52.43516],[16.85869,52.43515],[16.85883,52.4352],[16.85909,52.43525],[16.85954,52.43502],[16.85958,52.43498],[16.85981,52.43487],[16.85973,52.4348],[16.85984,52.43474],[16.86004,52.43471],[16.86018,52.43471],[16.86027,52.43469],[16.8604,52.43465],[16.86066,52.43451],[16.86086,52.43444],[16.86092,52.43433],[16.86094,52.4342],[16.86103,52.43416],[16.86114,52.43411],[16.86132,52.4339],[16.86129,52.43377],[16.86131,52.43372],[16.86143,52.43353],[16.86153,52.43348],[16.86157,52.43323],[16.86162,52.43319],[16.86163,52.43306],[16.86166,52.433],[16.86178,52.43266],[16.86179,52.43242],[16.86172,52.43224],[16.86169,52.43191],[16.86162,52.43148],[16.86173,52.43142],[16.86184,52.43136],[16.86241,52.43123],[16.86277,52.43113],[16.86312,52.43106],[16.86373,52.43096],[16.86526,52.43063],[16.86755,52.43019],[16.86837,52.4301],[16.86836,52.43],[16.86835,52.42996],[16.86829,52.42994],[16.86822,52.42994],[16.86814,52.42994],[16.86808,52.42992],[16.86806,52.42989],[16.86809,52.42977],[16.86814,52.42977],[16.86819,52.42978],[16.86826,52.42976],[16.86828,52.42968],[16.86831,52.42961],[16.86833,52.42951],[16.86837,52.42946],[16.86849,52.42943],[16.86854,52.42941],[16.86862,52.42934],[16.86867,52.42926],[16.86874,52.4292],[16.86894,52.42887],[16.86904,52.42879],[16.86922,52.42869],[16.86931,52.42866],[16.86942,52.42866],[16.86953,52.42865],[16.86959,52.42859],[16.86967,52.42854],[16.86973,52.42852],[16.86978,52.42852],[16.86985,52.42853],[16.86992,52.42853],[16.86997,52.42851],[16.87001,52.42848],[16.87011,52.42842],[16.87018,52.4284],[16.87026,52.4284],[16.87032,52.42841],[16.87039,52.42842],[16.87044,52.42843],[16.8705,52.42843],[16.87057,52.42844],[16.87063,52.42844],[16.87069,52.42842],[16.87074,52.4284],[16.87078,52.42837],[16.87078,52.42834],[16.87079,52.42831],[16.87083,52.42828],[16.87089,52.42825],[16.87098,52.42821],[16.87106,52.42819],[16.87114,52.42817],[16.87125,52.42817],[16.87129,52.42816],[16.87131,52.42815],[16.8714,52.42814],[16.87146,52.42815],[16.87149,52.42816],[16.87148,52.42819],[16.87149,52.42824],[16.87151,52.42827],[16.87155,52.42828],[16.87159,52.42828],[16.87163,52.42824],[16.87167,52.4282],[16.87177,52.42816],[16.87183,52.42813],[16.87185,52.4281],[16.87186,52.42808],[16.87189,52.42807],[16.87193,52.42807],[16.87191,52.42809],[16.87193,52.4281],[16.87195,52.4281],[16.87203,52.42804],[16.87203,52.42802],[16.87207,52.42798],[16.87216,52.42793],[16.87223,52.42788],[16.87222,52.42785],[16.87219,52.42782],[16.87219,52.4278],[16.87228,52.42781],[16.87238,52.42781],[16.87254,52.42775],[16.87266,52.42769],[16.87277,52.42762],[16.87289,52.42753],[16.87295,52.42742],[16.87303,52.42733],[16.87307,52.42725],[16.87304,52.42722],[16.87303,52.4272],[16.87307,52.42714],[16.87307,52.4271],[16.87307,52.42702],[16.87311,52.42696],[16.87313,52.42691],[16.87318,52.42686],[16.87326,52.42682],[16.87326,52.42679],[16.87324,52.42675],[16.87323,52.42672],[16.87327,52.42669],[16.87331,52.42667],[16.87333,52.42665],[16.87331,52.4266],[16.87332,52.42656],[16.8735,52.42643],[16.87364,52.42635],[16.87372,52.42628],[16.87375,52.42625],[16.87382,52.42626],[16.87387,52.42624],[16.8739,52.42616],[16.87397,52.4261],[16.87404,52.42605],[16.87415,52.42599],[16.87426,52.42594],[16.87434,52.42591],[16.87444,52.42589],[16.87455,52.42589],[16.87474,52.4259],[16.87498,52.4259],[16.87523,52.42588],[16.87533,52.42586],[16.87538,52.42585],[16.87551,52.42583],[16.87581,52.42583],[16.87591,52.42584],[16.87601,52.42584],[16.87617,52.42584],[16.87623,52.42582],[16.87625,52.4258],[16.87628,52.42578],[16.87631,52.4258],[16.87634,52.42582],[16.87645,52.42581],[16.87647,52.42579],[16.87654,52.42579],[16.87665,52.42577],[16.87684,52.42576],[16.87698,52.42572],[16.87709,52.42571],[16.87722,52.42568],[16.87734,52.42565],[16.87747,52.42563],[16.87762,52.42558],[16.87777,52.42554],[16.87792,52.4255],[16.87805,52.42547],[16.87812,52.42543],[16.87821,52.42537],[16.87829,52.42531],[16.87837,52.42526],[16.87847,52.42524],[16.87856,52.42521],[16.87863,52.42517],[16.87867,52.42518],[16.87871,52.42519],[16.87911,52.42502],[16.87924,52.42492],[16.87957,52.42478],[16.87982,52.42469],[16.87997,52.42463],[16.88017,52.42458],[16.88035,52.42452],[16.88052,52.42444],[16.88066,52.4244],[16.88079,52.42438],[16.88103,52.42431],[16.88121,52.42424],[16.88139,52.42421],[16.88155,52.42417],[16.88164,52.42415],[16.88193,52.42404],[16.88218,52.42396],[16.88254,52.42385],[16.88282,52.42376],[16.88303,52.42372],[16.88321,52.42366],[16.88333,52.42361],[16.88348,52.42358],[16.88365,52.42357],[16.88377,52.42354],[16.88396,52.4235],[16.88408,52.42347],[16.8844,52.42341],[16.8845,52.42338],[16.88468,52.42334],[16.88489,52.42329],[16.88505,52.42324],[16.88523,52.4232],[16.88542,52.42316],[16.88562,52.42313],[16.88614,52.4231],[16.88651,52.42311],[16.88684,52.42314],[16.8871,52.4232],[16.88735,52.42325],[16.88755,52.42331],[16.88765,52.42338],[16.88782,52.42345],[16.88793,52.42352],[16.88866,52.42367],[16.8888,52.42355],[16.88894,52.42343],[16.88907,52.42331],[16.8892,52.4232],[16.88933,52.4231],[16.88948,52.42298],[16.8896,52.42289],[16.88973,52.4228],[16.88983,52.42272],[16.88993,52.42265],[16.89008,52.42255],[16.89022,52.42246],[16.89034,52.42238],[16.89048,52.42229],[16.89061,52.42221],[16.89077,52.42211],[16.89089,52.42205],[16.89101,52.42198],[16.89114,52.42191],[16.89126,52.42184],[16.8914,52.42177],[16.89154,52.42169],[16.89168,52.42162],[16.89181,52.42156],[16.89194,52.4215],[16.89209,52.42142],[16.89223,52.42136],[16.8924,52.42128],[16.89259,52.4212],[16.89274,52.42114],[16.89292,52.42106],[16.89308,52.421],[16.89321,52.42094],[16.89335,52.42089],[16.89349,52.42084],[16.89365,52.42078],[16.89377,52.42074],[16.89391,52.42069],[16.8941,52.42063],[16.8942,52.4206],[16.89409,52.42039],[16.89409,52.42039],[16.89431,52.42035],[16.89482,52.42027],[16.89536,52.42018],[16.89578,52.42011],[16.89631,52.42003],[16.8968,52.41995],[16.8971,52.4199],[16.89747,52.41984],[16.89782,52.41978],[16.89818,52.41972],[16.89849,52.41967],[16.89864,52.41965],[16.89907,52.41958],[16.89957,52.4195],[16.90018,52.4194],[16.90073,52.41931],[16.90124,52.41923],[16.90193,52.41911],[16.90281,52.41897],[16.90371,52.41881],[16.90407,52.41875],[16.90446,52.41868],[16.90489,52.4186],[16.90554,52.41849],[16.90644,52.41833],[16.90731,52.41818],[16.90791,52.41808],[16.90873,52.41793],[16.90964,52.41777],[16.90999,52.4177],[16.91029,52.41763],[16.91042,52.41761],[16.91064,52.41755],[16.91088,52.41749],[16.91104,52.41744],[16.91123,52.41739],[16.9114,52.41733],[16.91171,52.41723],[16.91199,52.41712],[16.91226,52.41701],[16.91248,52.4169],[16.91276,52.41677],[16.91294,52.41667],[16.91321,52.41651],[16.91348,52.41634],[16.91364,52.41623],[16.91381,52.41611],[16.91398,52.41598],[16.91401,52.41595],[16.91422,52.41577],[16.91441,52.4156],[16.91466,52.41532],[16.91484,52.41511],[16.91499,52.4149],[16.91507,52.41478],[16.91521,52.41455],[16.91535,52.41429],[16.91545,52.41405],[16.91551,52.41387],[16.91555,52.41375],[16.91558,52.41367],[16.91561,52.41362],[16.91569,52.41365],[16.9158,52.4137],[16.91593,52.4138],[16.91615,52.41405],[16.91657,52.41445],[16.91676,52.41462],[16.9171,52.4149],[16.91759,52.41522],[16.918,52.41545],[16.91882,52.41588],[16.91912,52.41606],[16.9193,52.41622],[16.9201,52.41702],[16.92077,52.41769],[16.92217,52.41911],[16.92245,52.41937],[16.92255,52.41947],[16.92255,52.41947],[16.92262,52.41954],[16.92233,52.4196],[16.92161,52.41998],[16.92113,52.4203],[16.92062,52.42069],[16.92039,52.42093],[16.92015,52.42126],[16.92004,52.42142],[16.91823,52.42187],[16.91791,52.42195],[16.9177,52.42199],[16.91724,52.42211],[16.9167,52.42224],[16.91595,52.42242],[16.91592,52.42243],[16.91546,52.42253],[16.91266,52.4232],[16.9123,52.42332],[16.91205,52.4234],[16.91201,52.42343],[16.91186,52.42352],[16.91161,52.42369],[16.91065,52.42382],[16.91015,52.42388],[16.91016,52.42394],[16.91016,52.42394],[16.91024,52.42422],[16.91025,52.42426],[16.9103,52.42446],[16.9102,52.42447],[16.91017,52.42465],[16.91017,52.42467],[16.9101,52.42475],[16.9102,52.42474],[16.91026,52.42498],[16.91001,52.425],[16.90993,52.42501]]]]}},{"type":"Feature","properties":{"i":6,"name":"Stare Miasto"},"geometry":{"type":"MultiPolygon","coordinates":[[[[16.93628,52.41682],[16.93599,52.41683],[16.93376,52.41709],[16.93301,52.41718],[16.93276,52.41723],[16.93259,52.41729],[16.93232,52.41741],[16.931,52.41808],[16.93068,52.41827],[16.9305,52.41835],[16.92912,52.41888],[16.92739,52.41955],[16.92458,52.42064],[16.92389,52.42091],[16.92338,52.4211],[16.92342,52.421],[16.92342,52.42086],[16.92341,52.42059],[16.92338,52.42043],[16.92331,52.42027],[16.92262,52.41954],[16.92255,52.41947],[16.92245,52.41937],[16.92217,52.41911],[16.92077,52.41769],[16.9201,52.41702],[16.9193,52.41622],[16.91912,52.41606],[16.91882,52.41588],[16.918,52.41545],[16.91759,52.41522],[16.9171,52.4149],[16.91676,52.41462],[16.91657,52.41445],[16.91615,52.41405],[16.91593,52.4138],[16.9158,52.4137],[16.91569,52.41365],[16.91561,52.41362],[16.91564,52.41347],[16.91568,52.41312],[16.91564,52.4126],[16.91543,52.41208],[16.91503,52.41092],[16.9148,52.41031],[16.91476,52.41022],[16.91487,52.4102],[16.91479,52.40996],[16.9147,52.40972],[16.91466,52.40962],[16.91457,52.40941],[16.91453,52.40931],[16.91448,52.40921],[16.91441,52.40908],[16.91436,52.40898],[16.9143,52.4089],[16.91424,52.4088],[16.91408,52.40857],[16.91394,52.40837],[16.91379,52.40815],[16.9137,52.40803],[16.91357,52.40767],[16.91319,52.40652],[16.91215,52.4034],[16.9143,52.40313],[16.91538,52.40295],[16.91668,52.40266],[16.91693,52.4026],[16.91819,52.40235],[16.92172,52.40163],[16.92234,52.40152],[16.92264,52.40142],[16.92291,52.40131],[16.92299,52.40127],[16.92308,52.40122],[16.92369,52.40085],[16.92412,52.40062],[16.92441,52.40049],[16.92474,52.40039],[16.92514,52.40029],[16.92557,52.40023],[16.92589,52.4002],[16.92744,52.40002],[16.92761,52.4],[16.9303,52.39969],[16.93301,52.39938],[16.93359,52.39932],[16.93533,52.39912],[16.93563,52.39908],[16.93711,52.39889],[16.93999,52.39825],[16.9405,52.39812],[16.94059,52.39829],[16.94174,52.39954],[16.9438,52.40112],[16.94482,52.40202],[16.94485,52.40205],[16.94576,52.40313],[16.94652,52.40509],[16.9464,52.40611],[16.94583,52.40745],[16.94519,52.40907],[16.9449,52.41069],[16.94449,52.41148],[16.94364,52.4123],[16.94249,52.41317],[16.9422,52.41299],[16.94123,52.41429],[16.94083,52.41522],[16.94085,52.41558],[16.94105,52.41625],[16.94121,52.41669],[16.94142,52.4169],[16.94161,52.41707],[16.93976,52.41736],[16.93947,52.41738],[16.93915,52.41736],[16.93841,52.41715],[16.93746,52.41692],[16.9373,52.41689],[16.93693,52.41684],[16.93659,52.41682],[16.93628,52.41682]]]]}},{"type":"Feature","properties":{"i":7,"name":"Stare Winogrady"},"geometry":{"type":"MultiPolygon","coordinates":[[[[16.96413,52.42879],[16.96273,52.42982],[16.96178,52.43052],[16.96178,52.43052],[16.96134,52.43085],[16.96121,52.43094],[16.96063,52.43139],[16.95716,52.43397],[16.95587,52.43492],[16.9552,52.43557],[16.95456,52.43625],[16.95334,52.43767],[16.95272,52.43832],[16.95215,52.4388],[16.95171,52.43912],[16.95136,52.43934],[16.95062,52.43977],[16.95004,52.44005],[16.94932,52.44034],[16.94787,52.44082],[16.94655,52.44121],[16.94767,52.43848],[16.94775,52.43824],[16.94777,52.43811],[16.94775,52.43795],[16.94766,52.43754],[16.94743,52.43662],[16.94732,52.4361],[16.94696,52.43456],[16.94682,52.43393],[16.94673,52.43355],[16.94659,52.43298],[16.94653,52.4328],[16.94638,52.4323],[16.94631,52.43192],[16.94631,52.43192],[16.94618,52.43157],[16.9461,52.43143],[16.94601,52.4312],[16.94599,52.43101],[16.94603,52.43087],[16.94654,52.42971],[16.94679,52.42919],[16.94737,52.42786],[16.94499,52.42853],[16.943,52.42907],[16.94115,52.42957],[16.9397,52.42997],[16.9391,52.43012],[16.93816,52.43032],[16.93744,52.43044],[16.93681,52.43054],[16.93631,52.4306],[16.93628,52.4306],[16.93592,52.43063],[16.93526,52.43071],[16.93419,52.43088],[16.9338,52.43093],[16.93364,52.43093],[16.93353,52.43093],[16.93344,52.43093],[16.93324,52.43093],[16.93229,52.43084],[16.93069,52.43063],[16.93013,52.43056],[16.92977,52.4305],[16.92934,52.43039],[16.92931,52.43038],[16.929,52.43028],[16.92866,52.43015],[16.92859,52.43012],[16.9283,52.42999],[16.92779,52.4297],[16.92664,52.42899],[16.92576,52.42851],[16.92521,52.42826],[16.92446,52.42794],[16.9236,52.42759],[16.92315,52.42741],[16.92278,52.4273],[16.92249,52.42724],[16.92228,52.4272],[16.92208,52.42717],[16.92184,52.42713],[16.92161,52.42712],[16.92136,52.42711],[16.92117,52.42712],[16.92042,52.42714],[16.9202,52.42717],[16.92003,52.42719],[16.91986,52.42719],[16.91932,52.42718],[16.9193,52.42688],[16.91929,52.42665],[16.91928,52.42641],[16.91927,52.4262],[16.91927,52.42614],[16.91926,52.42604],[16.91926,52.42587],[16.91924,52.42554],[16.91923,52.42526],[16.9192,52.42498],[16.91916,52.42471],[16.91912,52.42445],[16.91909,52.42432],[16.91905,52.42412],[16.91901,52.42394],[16.91899,52.42388],[16.91893,52.42366],[16.91887,52.42343],[16.91877,52.42314],[16.91869,52.42297],[16.91863,52.42281],[16.91848,52.42245],[16.91832,52.42208],[16.91823,52.42187],[16.92004,52.42142],[16.92015,52.42126],[16.92039,52.42093],[16.92062,52.42069],[16.92113,52.4203],[16.92161,52.41998],[16.92233,52.4196],[16.92262,52.41954],[16.92255,52.41947],[16.92255,52.41947],[16.92262,52.41954],[16.92331,52.42027],[16.92338,52.42043],[16.92341,52.42059],[16.92342,52.42086],[16.92342,52.421],[16.92338,52.4211],[16.92389,52.42091],[16.92458,52.42064],[16.92739,52.41955],[16.92912,52.41888],[16.9305,52.41835],[16.93068,52.41827],[16.931,52.41808],[16.93232,52.41741],[16.93259,52.41729],[16.93276,52.41723],[16.93301,52.41718],[16.93376,52.41709],[16.93599,52.41683],[16.93628,52.41682],[16.93659,52.41682],[16.93693,52.41684],[16.9373,52.41689],[16.93746,52.41692],[16.93841,52.41715],[16.93915,52.41736],[16.93947,52.41738],[16.93976,52.41736],[16.94161,52.41707],[16.94209,52.41754],[16.94277,52.41805],[16.94376,52.4189],[16.94441,52.41935],[16.94568,52.42017],[16.94641,52.42058],[16.94698,52.4209],[16.94773,52.42138],[16.94822,52.42164],[16.9495,52.4224],[16.95017,52.42286],[16.95067,52.42324],[16.95096,52.42349],[16.95171,52.42409],[16.9523,52.42461],[16.95296,52.42516],[16.95364,52.42567],[16.95441,52.42612],[16.95511,52.42654],[16.95598,52.42695],[16.95692,52.42729],[16.9579,52.42757],[16.95891,52.42777],[16.95955,52.4279],[16.96007,52.42802],[16.96048,52.42812],[16.96188,52.42835],[16.9626,52.42847],[16.96366,52.42862],[16.96387,52.42869],[16.96413,52.42879]]]]}},{"type":"Feature","properties":{"i":8,"name":"Kiekrz"},"geometry":{"type":"MultiPolygon","coordinates":[[[[16.78309,52.48248],[16.78261,52.48258],[16.78261,52.48258],[16.78265,52.48264],[16.78263,52.48273],[16.78263,52.48273],[16.78197,52.48283],[16.78167,52.48287],[16.78166,52.48276],[16.78101,52.48268],[16.7805,52.48261],[16.78037,52.4825],[16.7799,52.48235],[16.77945,52.48245],[16.77861,52.48227],[16.77782,52.48221],[16.77782,52.48221],[16.7778,52.48226],[16.7778,52.48226],[16.7774,52.48182],[16.77737,52.48179],[16.77709,52.48148],[16.7768,52.48115],[16.77677,52.48112],[16.77646,52.48077],[16.77636,52.48067],[16.77636,52.48067],[16.77668,52.48055],[16.77668,52.48055],[16.77625,52.48017],[16.77491,52.47946],[16.77482,52.47943],[16.77472,52.47943],[16.77473,52.47933],[16.77479,52.47902],[16.77479,52.47902],[16.77484,52.47877],[16.77512,52.47867],[16.7759,52.47863],[16.7759,52.47863],[16.7759,52.47859],[16.7759,52.47859],[16.77589,52.47857],[16.77589,52.47857],[16.77591,52.47858],[16.7759,52.47856],[16.77584,52.47853],[16.77575,52.4785],[16.7757,52.47848],[16.77515,52.47839],[16.77474,52.47839],[16.77397,52.47837],[16.77305,52.47836],[16.7728,52.47836],[16.77175,52.47839],[16.77172,52.47839],[16.77114,52.4784],[16.77066,52.47841],[16.77025,52.47843],[16.76996,52.47844],[16.76963,52.47845],[16.76891,52.47845],[16.76833,52.47845],[16.76798,52.47843],[16.76727,52.47839],[16.76704,52.47837],[16.76643,52.47834],[16.76403,52.47817],[16.76396,52.47816],[16.76349,52.4781],[16.76307,52.47799],[16.76104,52.47732],[16.76096,52.47729],[16.75993,52.47693],[16.75841,52.47636],[16.758,52.47619],[16.75756,52.47601],[16.75744,52.47596],[16.7567,52.47549],[16.75616,52.4751],[16.75595,52.47496],[16.75589,52.47492],[16.7558,52.47486],[16.75471,52.47413],[16.75471,52.47413],[16.75485,52.47409],[16.75488,52.47407],[16.75488,52.47407],[16.7548,52.47401],[16.75449,52.47378],[16.75426,52.47362],[16.7541,52.47353],[16.75383,52.47338],[16.75355,52.47322],[16.75329,52.47308],[16.75304,52.47294],[16.75279,52.4728],[16.75208,52.47254],[16.75175,52.47236],[16.75149,52.47219],[16.75056,52.47141],[16.75042,52.47132],[16.74884,52.47015],[16.748,52.46967],[16.7457,52.46857],[16.74433,52.4679],[16.74296,52.46723],[16.74164,52.46656],[16.7392,52.46534],[16.73914,52.46531],[16.73874,52.46522],[16.73652,52.46476],[16.73332,52.46411],[16.73289,52.46402],[16.73159,52.46375],[16.732,52.46268],[16.73247,52.46141],[16.73254,52.46135],[16.73407,52.46049],[16.73409,52.46048],[16.73464,52.46017],[16.73497,52.45997],[16.73657,52.45906],[16.73764,52.45847],[16.73769,52.45845],[16.73773,52.45843],[16.73776,52.45847],[16.73776,52.45848],[16.73883,52.45903],[16.73896,52.45906],[16.7409,52.45914],[16.74274,52.45923],[16.74283,52.4592],[16.74283,52.4592],[16.7446,52.45812],[16.74612,52.45718],[16.74744,52.45636],[16.74787,52.45623],[16.74787,52.45623],[16.74787,52.45623],[16.74924,52.45597],[16.75187,52.45547],[16.75286,52.45525],[16.75295,52.45529],[16.75286,52.45543],[16.7533,52.45566],[16.75376,52.45611],[16.75408,52.45632],[16.75509,52.457],[16.75623,52.45776],[16.75729,52.45846],[16.75823,52.45908],[16.7587,52.45939],[16.75919,52.45966],[16.76026,52.46016],[16.76169,52.46086],[16.76176,52.46095],[16.76176,52.46095],[16.76185,52.46087],[16.76216,52.46052],[16.76216,52.46052],[16.76231,52.4606],[16.76251,52.46072],[16.76358,52.46135],[16.76361,52.46136],[16.76381,52.46147],[16.76523,52.46227],[16.76536,52.46237],[16.76564,52.4628],[16.76567,52.46284],[16.76588,52.46317],[16.76594,52.46327],[16.76625,52.46375],[16.76627,52.46377],[16.76646,52.46384],[16.76645,52.46385],[16.76766,52.46428],[16.76799,52.46444],[16.76819,52.46456],[16.7682,52.46455],[16.7682,52.46455],[16.76868,52.46492],[16.77109,52.46678],[16.77109,52.46678],[16.77109,52.46672],[16.7711,52.46627],[16.77111,52.46596],[16.77113,52.46545],[16.77301,52.46446],[16.77301,52.46446],[16.77321,52.4649],[16.77453,52.4652],[16.77546,52.46542],[16.7759,52.46561],[16.77627,52.46578],[16.77704,52.46596],[16.7769,52.46625],[16.77698,52.46637],[16.77715,52.46646],[16.77765,52.46673],[16.77781,52.4667],[16.77789,52.46668],[16.77816,52.46661],[16.77862,52.46651],[16.7791,52.46639],[16.7791,52.46639],[16.77911,52.46639],[16.77938,52.46609],[16.7794,52.46608],[16.77984,52.46578],[16.78,52.46567],[16.78017,52.46556],[16.78017,52.46555],[16.78032,52.46545],[16.78048,52.46534],[16.78081,52.46496],[16.78095,52.4649],[16.78095,52.4649],[16.78109,52.46483],[16.78123,52.46476],[16.78135,52.46471],[16.78135,52.46471],[16.78137,52.4647],[16.78151,52.46463],[16.78155,52.46461],[16.78155,52.46461],[16.78172,52.46453],[16.78172,52.46453],[16.7818,52.46449],[16.78192,52.46444],[16.78201,52.4644],[16.78212,52.46434],[16.78212,52.46434],[16.78187,52.46407],[16.78184,52.46404],[16.78172,52.46394],[16.78162,52.46386],[16.7814,52.46368],[16.78124,52.46355],[16.78108,52.46342],[16.78106,52.46341],[16.78074,52.4631],[16.78045,52.46278],[16.78035,52.46201],[16.78034,52.46198],[16.78034,52.46194],[16.78035,52.46189],[16.78051,52.46108],[16.78054,52.46077],[16.78065,52.46071],[16.78135,52.46032],[16.78135,52.46032],[16.78132,52.4602],[16.78132,52.46014],[16.78131,52.46006],[16.7813,52.46001],[16.78124,52.45946],[16.7812,52.45916],[16.78114,52.45916],[16.78084,52.45917],[16.78047,52.45919],[16.7801,52.4592],[16.77974,52.45922],[16.77937,52.45923],[16.77926,52.45924],[16.77937,52.45918],[16.77937,52.45918],[16.77974,52.45899],[16.77978,52.45893],[16.77983,52.45885],[16.7798,52.45864],[16.77976,52.45835],[16.78114,52.45819],[16.78114,52.45819],[16.78127,52.4582],[16.78235,52.4583],[16.78235,52.4583],[16.78214,52.45809],[16.78216,52.45788],[16.78216,52.45788],[16.78224,52.45785],[16.78224,52.45785],[16.78236,52.45781],[16.78287,52.45764],[16.78319,52.45753],[16.78319,52.45753],[16.78321,52.45744],[16.78335,52.45717],[16.78366,52.45703],[16.78366,52.45703],[16.78363,52.457],[16.78345,52.45683],[16.78298,52.45639],[16.78242,52.45586],[16.78238,52.45582],[16.78238,52.45582],[16.78525,52.45534],[16.78525,52.45534],[16.78549,52.45492],[16.78596,52.4541],[16.78646,52.45372],[16.78647,52.45371],[16.78749,52.45316],[16.78749,52.45316],[16.78764,52.45323],[16.78764,52.45323],[16.78765,52.45321],[16.78791,52.45269],[16.78809,52.45235],[16.79675,52.45369],[16.80081,52.45431],[16.80112,52.45437],[16.80119,52.45438],[16.80203,52.4545],[16.80332,52.45472],[16.80468,52.45497],[16.80599,52.4552],[16.8088,52.45569],[16.81044,52.45598],[16.81224,52.4563],[16.81503,52.4568],[16.81889,52.45748],[16.81887,52.4575],[16.8186,52.45763],[16.81753,52.45814],[16.81738,52.45831],[16.81701,52.45875],[16.81625,52.45932],[16.81588,52.4596],[16.81515,52.46015],[16.81284,52.46187],[16.81101,52.46328],[16.81039,52.4637],[16.80956,52.46427],[16.80942,52.46439],[16.80796,52.46534],[16.8067,52.46607],[16.80559,52.46671],[16.80443,52.46738],[16.80134,52.46919],[16.8014,52.46943],[16.80158,52.47027],[16.80166,52.47064],[16.80179,52.47096],[16.80195,52.47129],[16.80224,52.47172],[16.80228,52.47182],[16.80226,52.4719],[16.80215,52.47206],[16.80211,52.47216],[16.8021,52.47228],[16.80213,52.47237],[16.80214,52.47238],[16.80218,52.47238],[16.80237,52.47238],[16.80278,52.47237],[16.80353,52.47237],[16.804,52.47236],[16.80414,52.47236],[16.80532,52.47235],[16.80615,52.47234],[16.80724,52.47233],[16.80834,52.47232],[16.80918,52.47231],[16.8096,52.4723],[16.80992,52.47228],[16.81032,52.47226],[16.8107,52.47224],[16.81107,52.47221],[16.81136,52.47219],[16.81167,52.47216],[16.81188,52.47214],[16.81214,52.47212],[16.81242,52.47209],[16.81269,52.47205],[16.81299,52.47201],[16.81319,52.47199],[16.81339,52.47196],[16.81369,52.47191],[16.81434,52.47181],[16.81557,52.47162],[16.81602,52.47155],[16.81647,52.47148],[16.81736,52.47145],[16.81761,52.47144],[16.81761,52.47144],[16.81722,52.4717],[16.81722,52.4717],[16.81696,52.47196],[16.81599,52.47326],[16.81599,52.47326],[16.81471,52.47487],[16.81471,52.47487],[16.81435,52.47529],[16.81435,52.47529],[16.81426,52.47541],[16.81344,52.47645],[16.81344,52.47645],[16.81338,52.47653],[16.81221,52.47721],[16.81181,52.47741],[16.81108,52.47766],[16.81005,52.47799],[16.80956,52.47815],[16.80902,52.47836],[16.80854,52.47855],[16.80799,52.47867],[16.80701,52.47888],[16.80693,52.4789],[16.80648,52.47901],[16.80606,52.47912],[16.80432,52.47948],[16.8039,52.47943],[16.80361,52.47948],[16.80292,52.4796],[16.80217,52.47976],[16.80211,52.47977],[16.80149,52.4799],[16.80053,52.48015],[16.80015,52.48022],[16.79937,52.48037],[16.79851,52.48052],[16.79773,52.48065],[16.79637,52.4809],[16.79559,52.48105],[16.79556,52.48105],[16.79544,52.48067],[16.79526,52.48027],[16.79507,52.47996],[16.79462,52.47905],[16.79432,52.47846],[16.79419,52.47814],[16.79392,52.47745],[16.79391,52.47742],[16.79379,52.47698],[16.79378,52.47697],[16.79369,52.47645],[16.79369,52.47628],[16.79375,52.47599],[16.79377,52.47591],[16.79375,52.47568],[16.79364,52.47525],[16.79362,52.47517],[16.7935,52.47491],[16.7932,52.47442],[16.79316,52.47435],[16.79309,52.47424],[16.79306,52.4742],[16.79292,52.474],[16.79292,52.474],[16.79228,52.47425],[16.79152,52.47467],[16.79152,52.47467],[16.79112,52.47487],[16.79102,52.47496],[16.7909,52.47503],[16.7909,52.47503],[16.7909,52.47503],[16.7904,52.47536],[16.79014,52.47545],[16.78954,52.47581],[16.78937,52.47592],[16.78937,52.47592],[16.78863,52.47646],[16.78863,52.47646],[16.78796,52.477],[16.78758,52.47734],[16.78758,52.47734],[16.78732,52.47758],[16.78692,52.47804],[16.78674,52.47833],[16.78678,52.47836],[16.78668,52.47848],[16.78667,52.47853],[16.78633,52.47886],[16.78612,52.47906],[16.78595,52.47896],[16.78595,52.47896],[16.78575,52.47919],[16.78556,52.4794],[16.78497,52.48012],[16.78455,52.4806],[16.78426,52.48096],[16.78418,52.48107],[16.78418,52.48107],[16.78405,52.48105],[16.78405,52.48105],[16.78399,52.48112],[16.78399,52.48112],[16.78392,52.48116],[16.78392,52.48116],[16.78367,52.48145],[16.78322,52.48201],[16.78346,52.48209],[16.78346,52.4821],[16.78309,52.48248]]]]}},{"type":"Feature","properties":{"i":9,"name":"Stary Grunwald"},"geometry":{"type":"MultiPolygon","coordinates":[[[[16.88859,52.40962],[16.88785,52.40972],[16.88718,52.40981],[16.88345,52.41033],[16.88277,52.40852],[16.8824,52.40752],[16.88205,52.40657],[16.88133,52.40469],[16.88133,52.40456],[16.88128,52.40456],[16.88092,52.40454],[16.88018,52.40451],[16.87941,52.40447],[16.87894,52.40446],[16.87798,52.40442],[16.87771,52.40441],[16.87675,52.40438],[16.87547,52.40433],[16.87547,52.40433],[16.87547,52.40433],[16.87567,52.40323],[16.87589,52.40198],[16.87592,52.40172],[16.87613,52.40024],[16.87627,52.39968],[16.87638,52.39932],[16.87645,52.39905],[16.87744,52.39929],[16.87863,52.3996],[16.87921,52.39975],[16.88094,52.4002],[16.8822,52.40055],[16.88358,52.40095],[16.88495,52.40133],[16.88631,52.40171],[16.88706,52.40194],[16.88819,52.40234],[16.88906,52.40267],[16.88902,52.40298],[16.88882,52.40389],[16.88856,52.40493],[16.88839,52.40564],[16.8883,52.40618],[16.88825,52.40682],[16.88825,52.40695],[16.88825,52.40736],[16.88828,52.40792],[16.88833,52.4084],[16.88839,52.40881],[16.88847,52.40922],[16.88859,52.40962]]]]}},{"type":"Feature","properties":{"i":10,"name":"Rataje"},"geometry":{"type":"MultiPolygon","coordinates":[[[[16.96304,52.4039],[16.96094,52.40464],[16.96009,52.40493],[16.95768,52.40581],[16.95419,52.40659],[16.95397,52.40602],[16.95391,52.40551],[16.95392,52.40508],[16.95397,52.40473],[16.9541,52.40434],[16.95444,52.40346],[16.95407,52.40347],[16.95188,52.40353],[16.95165,52.40359],[16.95124,52.4038],[16.95002,52.40448],[16.94948,52.40473],[16.94849,52.40509],[16.9474,52.404],[16.94663,52.40349],[16.94576,52.40313],[16.94485,52.40205],[16.94482,52.40202],[16.9438,52.40112],[16.94174,52.39954],[16.94059,52.39829],[16.9405,52.39812],[16.93975,52.3966],[16.93959,52.39599],[16.93961,52.39339],[16.93926,52.39152],[16.9388,52.38997],[16.93784,52.38806],[16.93673,52.38574],[16.93623,52.38402],[16.93596,52.38184],[16.93724,52.38164],[16.93823,52.38149],[16.93872,52.3814],[16.93951,52.38122],[16.94064,52.38091],[16.94175,52.38058],[16.94258,52.38034],[16.94264,52.38047],[16.94273,52.38055],[16.94288,52.3806],[16.94305,52.38061],[16.94318,52.38061],[16.94327,52.38059],[16.94342,52.38055],[16.94353,52.3805],[16.94363,52.38044],[16.94369,52.38036],[16.94373,52.38027],[16.94374,52.38017],[16.94371,52.38009],[16.94366,52.38001],[16.94534,52.37949],[16.94741,52.37883],[16.94867,52.37839],[16.95022,52.37783],[16.95109,52.37757],[16.95304,52.37702],[16.95516,52.37641],[16.95527,52.37653],[16.95534,52.37658],[16.95547,52.37661],[16.95564,52.37662],[16.9558,52.3766],[16.95593,52.37656],[16.95704,52.37752],[16.95725,52.37768],[16.95743,52.37782],[16.95723,52.37796],[16.95668,52.37832],[16.95647,52.3785],[16.95633,52.3787],[16.95624,52.37891],[16.95618,52.37911],[16.95618,52.3793],[16.95622,52.37947],[16.95634,52.37974],[16.95646,52.37994],[16.95679,52.38048],[16.95694,52.38073],[16.95712,52.38097],[16.95689,52.38106],[16.95646,52.38122],[16.95635,52.38128],[16.95623,52.38137],[16.956,52.38158],[16.95582,52.38174],[16.95475,52.38478],[16.95829,52.38653],[16.96041,52.38758],[16.96103,52.38705],[16.96167,52.38643],[16.96243,52.38579],[16.96321,52.38511],[16.96348,52.38493],[16.96368,52.38506],[16.96375,52.3851],[16.96393,52.38524],[16.96414,52.38543],[16.96432,52.38565],[16.96448,52.38585],[16.96451,52.38592],[16.96462,52.38617],[16.96468,52.38652],[16.96468,52.38679],[16.96469,52.3869],[16.96471,52.38756],[16.96471,52.3877],[16.96473,52.38786],[16.96472,52.38789],[16.96474,52.38804],[16.96477,52.38815],[16.96482,52.38831],[16.96483,52.38835],[16.96496,52.38856],[16.96512,52.38879],[16.96533,52.38902],[16.96564,52.38927],[16.96591,52.38944],[16.96612,52.38956],[16.96692,52.39002],[16.96713,52.39013],[16.96719,52.39015],[16.96734,52.39014],[16.96758,52.39028],[16.969,52.39124],[16.97027,52.39209],[16.97065,52.39234],[16.97074,52.39237],[16.97242,52.39379],[16.97314,52.39541],[16.9737,52.39664],[16.97381,52.39688],[16.974,52.3973],[16.9743,52.39795],[16.97443,52.39827],[16.97458,52.39862],[16.97458,52.39862],[16.97458,52.39862],[16.97594,52.40187],[16.97373,52.40203],[16.96972,52.40252],[16.96943,52.40257],[16.96562,52.40325],[16.96304,52.4039]]]]}},{"type":"Feature","properties":{"i":11,"name":"Podolany"},"geometry":{"type":"MultiPolygon","coordinates":[[[[16.87164,52.46525],[16.87132,52.46526],[16.87079,52.46527],[16.87072,52.46529],[16.87064,52.4653],[16.87039,52.46531],[16.87032,52.46531],[16.86968,52.46532],[16.86926,52.46535],[16.86882,52.46538],[16.86821,52.46541],[16.86748,52.46544],[16.86676,52.46547],[16.86603,52.46551],[16.8653,52.46556],[16.86439,52.46562],[16.86405,52.46565],[16.86385,52.46567],[16.8636,52.46569],[16.86325,52.46572],[16.86246,52.46587],[16.86182,52.46599],[16.86115,52.46615],[16.86055,52.46637],[16.86005,52.46659],[16.85956,52.46684],[16.85914,52.46709],[16.85855,52.46748],[16.85786,52.46802],[16.85763,52.46821],[16.85751,52.46842],[16.85737,52.46865],[16.85723,52.4692],[16.85689,52.46973],[16.85656,52.47046],[16.85637,52.47068],[16.85617,52.4709],[16.85606,52.47104],[16.85595,52.47115],[16.85555,52.47152],[16.85542,52.47169],[16.85532,52.47181],[16.85476,52.47251],[16.85435,52.47313],[16.85402,52.47374],[16.85402,52.47374],[16.85388,52.47409],[16.85388,52.47409],[16.85366,52.47463],[16.85366,52.47463],[16.85368,52.47486],[16.85368,52.47486],[16.85393,52.47516],[16.85253,52.47536],[16.8525,52.47537],[16.8525,52.47537],[16.85015,52.4757],[16.84997,52.47573],[16.85022,52.47537],[16.85063,52.47478],[16.85084,52.47446],[16.85101,52.47421],[16.85117,52.47399],[16.85135,52.47373],[16.8515,52.4735],[16.85166,52.47327],[16.85183,52.47303],[16.85199,52.47282],[16.85216,52.47261],[16.85234,52.47239],[16.85256,52.47213],[16.8528,52.47187],[16.8531,52.47156],[16.85335,52.47131],[16.85365,52.47103],[16.85392,52.4708],[16.85427,52.47049],[16.85456,52.47024],[16.85494,52.46991],[16.85505,52.46981],[16.85532,52.46958],[16.85562,52.46932],[16.85589,52.46908],[16.85604,52.46895],[16.85619,52.46882],[16.85641,52.46863],[16.85671,52.46838],[16.85689,52.46822],[16.85713,52.468],[16.8575,52.46769],[16.85778,52.46744],[16.85813,52.46713],[16.85835,52.46695],[16.85856,52.46677],[16.8587,52.46665],[16.85886,52.46651],[16.85903,52.46635],[16.85923,52.46618],[16.85945,52.46599],[16.85963,52.46584],[16.85985,52.46564],[16.86004,52.46548],[16.86022,52.46531],[16.86033,52.46522],[16.86099,52.46465],[16.86149,52.46422],[16.86199,52.46379],[16.86262,52.46325],[16.86331,52.46265],[16.86377,52.46225],[16.86418,52.46189],[16.86463,52.4615],[16.86512,52.46107],[16.86594,52.46037],[16.86647,52.45991],[16.86708,52.45937],[16.86778,52.45877],[16.86829,52.45832],[16.86888,52.4578],[16.86962,52.45715],[16.87034,52.45653],[16.87102,52.45594],[16.87164,52.4554],[16.87238,52.45476],[16.87316,52.45408],[16.8739,52.45343],[16.87447,52.45294],[16.87509,52.4524],[16.87579,52.45179],[16.87653,52.45114],[16.87729,52.45048],[16.87798,52.44989],[16.8786,52.44935],[16.87926,52.44877],[16.87977,52.44833],[16.88,52.44813],[16.8803,52.44787],[16.88055,52.44765],[16.88089,52.44736],[16.88126,52.44702],[16.88151,52.44682],[16.88174,52.44662],[16.8818,52.44656],[16.882,52.44639],[16.88223,52.44618],[16.88244,52.44599],[16.88257,52.44585],[16.88274,52.44568],[16.88289,52.44553],[16.88301,52.44539],[16.88317,52.44519],[16.8833,52.44503],[16.88344,52.44485],[16.88354,52.44471],[16.88368,52.4445],[16.88377,52.44436],[16.88396,52.44405],[16.88412,52.44378],[16.88428,52.44353],[16.88441,52.4433],[16.88443,52.44328],[16.88455,52.44308],[16.88465,52.4429],[16.88479,52.44265],[16.88489,52.44246],[16.88501,52.44221],[16.88511,52.44198],[16.88519,52.44179],[16.88529,52.44153],[16.88536,52.4413],[16.88545,52.441],[16.88551,52.44075],[16.88557,52.44045],[16.88563,52.44],[16.88566,52.43962],[16.88568,52.43921],[16.88571,52.43879],[16.88574,52.43832],[16.88576,52.43793],[16.88717,52.43798],[16.88774,52.43801],[16.89042,52.43813],[16.89192,52.43818],[16.89244,52.43821],[16.89303,52.43827],[16.8935,52.43833],[16.89367,52.43836],[16.89482,52.43861],[16.89544,52.43879],[16.89615,52.43905],[16.89884,52.44001],[16.90194,52.44111],[16.90213,52.44117],[16.90492,52.44219],[16.90535,52.44238],[16.90579,52.4425],[16.90656,52.44272],[16.9072,52.44288],[16.90786,52.44301],[16.90875,52.44313],[16.90928,52.44318],[16.90923,52.44332],[16.909,52.44397],[16.90875,52.44466],[16.90848,52.44544],[16.90831,52.44589],[16.90809,52.4465],[16.90801,52.44677],[16.90749,52.44788],[16.90732,52.44816],[16.9073,52.44819],[16.9068,52.44896],[16.90671,52.44908],[16.90626,52.44978],[16.90585,52.45025],[16.90545,52.45059],[16.90481,52.4511],[16.90431,52.45149],[16.90431,52.4515],[16.90396,52.45175],[16.90367,52.45202],[16.90319,52.45241],[16.90245,52.45299],[16.90181,52.45353],[16.90161,52.45367],[16.90098,52.4541],[16.90048,52.45441],[16.90022,52.45458],[16.89952,52.45502],[16.89921,52.45526],[16.89867,52.45572],[16.8959,52.45831],[16.89569,52.45852],[16.89398,52.46006],[16.8918,52.46193],[16.89067,52.46292],[16.89002,52.46347],[16.88967,52.46378],[16.88847,52.46481],[16.88847,52.46481],[16.88831,52.46482],[16.88821,52.46482],[16.8877,52.46484],[16.88744,52.46485],[16.88735,52.46485],[16.88658,52.46487],[16.88572,52.46496],[16.8851,52.46497],[16.88437,52.46499],[16.88431,52.46499],[16.88424,52.46499],[16.88362,52.46501],[16.8829,52.46503],[16.88189,52.46505],[16.88069,52.46508],[16.87923,52.46511],[16.8785,52.4651],[16.87743,52.46513],[16.87723,52.46509],[16.87669,52.46511],[16.87669,52.46515],[16.87652,52.46516],[16.87619,52.46518],[16.87598,52.46519],[16.87593,52.46514],[16.87573,52.46515],[16.87481,52.46518],[16.87481,52.46518],[16.87468,52.46518],[16.87458,52.46523],[16.87417,52.46524],[16.87401,52.46524],[16.87372,52.46525],[16.87285,52.46527],[16.87261,52.46527],[16.87235,52.46525],[16.87164,52.46525]]]]}},{"type":"Feature","properties":{"i":12,"name":"Morasko-Radojewo"},"geometry":{"type":"MultiPolygon","coordinates":[[[[16.96803,52.50547],[16.96818,52.50613],[16.96837,52.50661],[16.96872,52.50708],[16.96928,52.50758],[16.96966,52.50797],[16.9699,52.50824],[16.97017,52.50852],[16.97036,52.50892],[16.97047,52.50933],[16.97047,52.50933],[16.96955,52.5093],[16.96944,52.50928],[16.96883,52.50885],[16.96785,52.50818],[16.96687,52.50751],[16.9659,52.50683],[16.96522,52.50655],[16.96383,52.50619],[16.96275,52.50591],[16.96161,52.50561],[16.96139,52.50556],[16.96065,52.50517],[16.96053,52.50511],[16.96037,52.50503],[16.9585,52.50514],[16.95714,52.50525],[16.95696,52.50527],[16.95696,52.50527],[16.95696,52.50527],[16.9555,52.50538],[16.95404,52.5055],[16.95404,52.5055],[16.9532,52.50556],[16.9532,52.50556],[16.95159,52.50569],[16.9505,52.50578],[16.9505,52.50578],[16.95022,52.50583],[16.94985,52.50595],[16.94832,52.50645],[16.94652,52.50704],[16.94652,52.50704],[16.94651,52.507],[16.94603,52.50595],[16.94555,52.50489],[16.94508,52.50389],[16.94504,52.50379],[16.94467,52.50303],[16.94454,52.50276],[16.94454,52.50275],[16.94428,52.50221],[16.94398,52.50159],[16.94373,52.50103],[16.94356,52.5008],[16.94293,52.50063],[16.94229,52.50046],[16.94229,52.50055],[16.9423,52.50118],[16.94088,52.50135],[16.94079,52.50138],[16.93964,52.50166],[16.93963,52.50166],[16.93908,52.50154],[16.93881,52.50148],[16.93881,52.50148],[16.93892,52.5013],[16.93891,52.5013],[16.93877,52.50129],[16.9384,52.50117],[16.9381,52.50109],[16.93771,52.501],[16.93738,52.50092],[16.93711,52.50086],[16.93714,52.50083],[16.9374,52.50042],[16.93787,52.4997],[16.93789,52.49967],[16.93786,52.49957],[16.93764,52.49897],[16.93711,52.49898],[16.93646,52.499],[16.93578,52.49902],[16.93593,52.49935],[16.93452,52.49959],[16.93452,52.49959],[16.93482,52.50027],[16.93482,52.50027],[16.93405,52.50033],[16.93391,52.50023],[16.93374,52.5001],[16.93337,52.49991],[16.9333,52.49991],[16.93257,52.49997],[16.93217,52.50004],[16.93218,52.50027],[16.93117,52.50033],[16.93078,52.50043],[16.93071,52.50045],[16.93084,52.50087],[16.93019,52.50095],[16.93016,52.50095],[16.93016,52.50095],[16.93016,52.50095],[16.92869,52.50095],[16.92862,52.50091],[16.92847,52.50092],[16.9283,52.50092],[16.9283,52.50092],[16.92814,52.50093],[16.92814,52.50093],[16.92795,52.50094],[16.92749,52.50095],[16.92697,52.501],[16.92691,52.501],[16.92691,52.501],[16.92658,52.50026],[16.9265,52.5001],[16.92601,52.49914],[16.9256,52.49838],[16.92503,52.49732],[16.92503,52.4973],[16.92375,52.49718],[16.92155,52.49698],[16.91779,52.49661],[16.91774,52.49661],[16.91548,52.49639],[16.91541,52.49639],[16.9154,52.49639],[16.91475,52.49632],[16.91474,52.49632],[16.91476,52.49622],[16.91476,52.49622],[16.91476,52.49622],[16.91484,52.49587],[16.91484,52.49585],[16.91551,52.49588],[16.91551,52.49588],[16.91553,52.49571],[16.91487,52.49569],[16.91487,52.49569],[16.91369,52.49542],[16.91372,52.49498],[16.91366,52.49336],[16.91305,52.49322],[16.91304,52.49322],[16.9121,52.4932],[16.91127,52.49319],[16.91127,52.49319],[16.91127,52.49319],[16.91125,52.49318],[16.91121,52.49331],[16.91117,52.49414],[16.91117,52.49416],[16.91113,52.49498],[16.91113,52.49498],[16.9111,52.49533],[16.911,52.49604],[16.91099,52.49611],[16.91099,52.49611],[16.91106,52.49614],[16.91106,52.49614],[16.91083,52.49615],[16.91083,52.49625],[16.91028,52.49625],[16.90981,52.49613],[16.9087,52.49569],[16.9087,52.49569],[16.90855,52.4956],[16.90833,52.49541],[16.90817,52.49526],[16.90789,52.49498],[16.90784,52.49507],[16.90772,52.49604],[16.90762,52.4969],[16.90762,52.49693],[16.90759,52.49715],[16.90748,52.49822],[16.90733,52.49943],[16.90729,52.49982],[16.90722,52.5005],[16.90672,52.50035],[16.90653,52.50029],[16.90555,52.49999],[16.90479,52.49976],[16.90468,52.49972],[16.90414,52.49956],[16.90347,52.49936],[16.90116,52.49865],[16.89992,52.49827],[16.89914,52.49803],[16.89833,52.49778],[16.8967,52.49728],[16.89512,52.4968],[16.89512,52.4968],[16.89493,52.49674],[16.89261,52.49603],[16.89061,52.49542],[16.89061,52.49542],[16.88824,52.4947],[16.88824,52.4947],[16.88817,52.49315],[16.88816,52.49288],[16.88811,52.49191],[16.88821,52.49142],[16.88807,52.49142],[16.88807,52.49142],[16.88839,52.49014],[16.88881,52.48865],[16.88919,52.48812],[16.88919,52.48812],[16.88927,52.48817],[16.88931,52.48819],[16.89049,52.48891],[16.89049,52.48891],[16.8905,52.48755],[16.89049,52.48647],[16.89049,52.48639],[16.89053,52.48636],[16.89043,52.48631],[16.89026,52.48623],[16.89024,52.48621],[16.88943,52.48555],[16.88939,52.48551],[16.88822,52.48454],[16.88811,52.48434],[16.8881,52.48433],[16.88802,52.48411],[16.88795,52.48408],[16.88734,52.48385],[16.8866,52.48358],[16.88643,52.48351],[16.88642,52.48351],[16.88642,52.48351],[16.88655,52.48333],[16.88663,52.48322],[16.88671,52.48312],[16.8868,52.483],[16.88693,52.48284],[16.88705,52.48267],[16.88717,52.48251],[16.8872,52.48247],[16.88721,52.48246],[16.88744,52.48248],[16.88744,52.48248],[16.88754,52.48249],[16.88755,52.48249],[16.88749,52.48231],[16.88735,52.48183],[16.88727,52.48169],[16.88724,52.48168],[16.8877,52.48121],[16.88813,52.48048],[16.88862,52.47972],[16.88885,52.47888],[16.88973,52.4782],[16.89081,52.47741],[16.8919,52.47665],[16.89201,52.47658],[16.89221,52.47644],[16.89323,52.47615],[16.89454,52.4753],[16.89494,52.47512],[16.89535,52.47454],[16.89535,52.47454],[16.89552,52.47451],[16.89569,52.47443],[16.89644,52.47408],[16.89721,52.47369],[16.89721,52.47369],[16.89772,52.47344],[16.89821,52.47321],[16.89947,52.4726],[16.9006,52.47203],[16.9006,52.47203],[16.90125,52.47172],[16.90123,52.47171],[16.90079,52.47127],[16.90077,52.47125],[16.90051,52.47099],[16.90044,52.47092],[16.90032,52.47081],[16.90028,52.47077],[16.90024,52.47073],[16.90009,52.47058],[16.89998,52.47047],[16.89988,52.47037],[16.89979,52.47028],[16.89971,52.4702],[16.89959,52.47009],[16.89951,52.47001],[16.89919,52.46969],[16.89893,52.46944],[16.89888,52.46939],[16.89883,52.46934],[16.8982,52.46872],[16.89819,52.46871],[16.89796,52.46848],[16.89788,52.4684],[16.89755,52.46808],[16.8975,52.46803],[16.897,52.46754],[16.89659,52.46713],[16.89659,52.46713],[16.89698,52.46697],[16.89698,52.46697],[16.89706,52.46694],[16.89706,52.46694],[16.89751,52.46674],[16.89751,52.46674],[16.89763,52.46668],[16.89761,52.46667],[16.89684,52.46591],[16.89658,52.46565],[16.89622,52.46529],[16.89616,52.46523],[16.89616,52.46523],[16.89559,52.46475],[16.89589,52.46478],[16.89635,52.46483],[16.89687,52.46489],[16.89743,52.46496],[16.89809,52.46504],[16.89871,52.46512],[16.89933,52.4652],[16.9,52.46528],[16.90055,52.46534],[16.90063,52.46536],[16.90068,52.46536],[16.90117,52.46542],[16.90166,52.46548],[16.9022,52.46555],[16.90241,52.46557],[16.90241,52.46557],[16.90289,52.46563],[16.90336,52.46569],[16.90378,52.46574],[16.90419,52.4658],[16.90469,52.46585],[16.90469,52.46585],[16.90506,52.4659],[16.9054,52.46594],[16.90572,52.46598],[16.90597,52.46601],[16.90597,52.46601],[16.90626,52.46605],[16.9065,52.46608],[16.90679,52.46611],[16.90707,52.46615],[16.90735,52.46618],[16.90759,52.46621],[16.90784,52.46624],[16.90804,52.46626],[16.90804,52.46626],[16.90829,52.46629],[16.90851,52.46632],[16.90877,52.46635],[16.90877,52.46635],[16.90901,52.46637],[16.90928,52.46639],[16.9095,52.46641],[16.9095,52.46641],[16.90971,52.46641],[16.90988,52.46642],[16.91,52.46643],[16.91,52.46643],[16.91025,52.46643],[16.91025,52.46643],[16.91055,52.46643],[16.91055,52.46643],[16.91092,52.46642],[16.91092,52.46642],[16.91126,52.4664],[16.91126,52.4664],[16.9116,52.46637],[16.91198,52.46634],[16.91198,52.46634],[16.91233,52.46629],[16.91233,52.46629],[16.91261,52.46625],[16.91261,52.46625],[16.91305,52.46617],[16.91305,52.46617],[16.9139,52.466],[16.9139,52.466],[16.91459,52.46587],[16.91459,52.46587],[16.91526,52.46573],[16.91526,52.46573],[16.91592,52.4656],[16.91592,52.4656],[16.91688,52.4654],[16.91688,52.4654],[16.91773,52.46523],[16.91828,52.46512],[16.91911,52.46495],[16.91986,52.4648],[16.92055,52.46466],[16.92117,52.46454],[16.92182,52.46441],[16.92268,52.46424],[16.92354,52.46406],[16.92406,52.46395],[16.92507,52.46375],[16.92609,52.46355],[16.92698,52.46337],[16.92783,52.46319],[16.92859,52.46304],[16.92963,52.46283],[16.93018,52.46272],[16.93058,52.46264],[16.93061,52.46263],[16.93067,52.46272],[16.9308,52.46289],[16.93118,52.46342],[16.93138,52.46368],[16.93169,52.46453],[16.93176,52.46466],[16.932,52.46498],[16.93214,52.46508],[16.93246,52.46525],[16.93304,52.46559],[16.93362,52.46609],[16.93346,52.46616],[16.9332,52.46626],[16.93298,52.46637],[16.93273,52.46657],[16.93263,52.46674],[16.93261,52.46688],[16.93269,52.4671],[16.93312,52.46783],[16.93376,52.46864],[16.93416,52.46931],[16.93451,52.46964],[16.93487,52.47018],[16.93512,52.47051],[16.9352,52.47073],[16.93532,52.47119],[16.93508,52.47182],[16.93496,52.47199],[16.93481,52.4721],[16.93458,52.47217],[16.93411,52.47237],[16.93354,52.47268],[16.93351,52.47277],[16.93357,52.47316],[16.9336,52.4733],[16.93437,52.47817],[16.93441,52.4782],[16.9427,52.48344],[16.94322,52.48358],[16.94438,52.48376],[16.94475,52.48378],[16.94502,52.48376],[16.94544,52.48374],[16.94595,52.48381],[16.94614,52.48385],[16.94621,52.48383],[16.94636,52.48382],[16.94648,52.48383],[16.94653,52.48382],[16.94657,52.4838],[16.94666,52.48384],[16.94683,52.48385],[16.94711,52.48384],[16.94753,52.48377],[16.94796,52.48364],[16.9487,52.48353],[16.94876,52.48346],[16.94892,52.48343],[16.94912,52.48343],[16.94926,52.48344],[16.94963,52.48339],[16.94963,52.48291],[16.94941,52.48264],[16.94902,52.48234],[16.94863,52.48205],[16.94843,52.4818],[16.94807,52.48122],[16.94806,52.4812],[16.94804,52.48117],[16.94766,52.48056],[16.94767,52.48051],[16.9478,52.48038],[16.94792,52.48026],[16.94814,52.48015],[16.94854,52.47996],[16.94859,52.47987],[16.94588,52.47893],[16.94565,52.47875],[16.94614,52.47792],[16.94657,52.47771],[16.95004,52.47795],[16.95082,52.47799],[16.95108,52.47797],[16.95157,52.47783],[16.95197,52.47772],[16.95252,52.47751],[16.9527,52.47744],[16.95282,52.47737],[16.95304,52.47724],[16.95332,52.47695],[16.95341,52.47684],[16.95374,52.47656],[16.95425,52.4763],[16.95695,52.47572],[16.95694,52.47572],[16.96261,52.47494],[16.96959,52.47397],[16.97052,52.47384],[16.97224,52.4736],[16.97203,52.47402],[16.97203,52.47416],[16.97202,52.47492],[16.97196,52.47574],[16.97213,52.47684],[16.97224,52.47772],[16.97219,52.4786],[16.97208,52.47959],[16.97195,52.4804],[16.97164,52.48104],[16.97131,52.48209],[16.97131,52.4821],[16.97114,52.48275],[16.97099,52.48363],[16.97099,52.48364],[16.97095,52.48445],[16.97101,52.48494],[16.97109,52.48556],[16.97139,52.48623],[16.97172,52.48676],[16.97242,52.48744],[16.97321,52.48794],[16.97419,52.48835],[16.9751,52.48883],[16.97532,52.48959],[16.97509,52.49034],[16.97468,52.49085],[16.97435,52.49156],[16.97397,52.49224],[16.97376,52.49272],[16.97351,52.49326],[16.97327,52.49392],[16.97299,52.49464],[16.97282,52.49519],[16.97264,52.4961],[16.97257,52.49649],[16.97254,52.4971],[16.97249,52.49766],[16.97244,52.49821],[16.97235,52.49884],[16.97221,52.49939],[16.97212,52.49996],[16.9719,52.50057],[16.97162,52.5012],[16.97118,52.50187],[16.97077,52.50252],[16.97024,52.50317],[16.96981,52.50355],[16.9692,52.50382],[16.96855,52.50444],[16.96795,52.50499],[16.96803,52.50547]]]]}},{"type":"Feature","properties":{"i":13,"name":"Grunwald Południe"},"geometry":{"type":"MultiPolygon","coordinates":[[[[16.86894,52.40409],[16.86848,52.40413],[16.86795,52.40419],[16.86783,52.4042],[16.8675,52.40427],[16.86718,52.40435],[16.86709,52.40421],[16.8658,52.40252],[16.86466,52.40103],[16.86386,52.39997],[16.8632,52.39912],[16.86268,52.39856],[16.86223,52.39873],[16.85925,52.39996],[16.85916,52.40002],[16.85911,52.40008],[16.85426,52.40213],[16.85383,52.40193],[16.85144,52.40087],[16.85175,52.40061],[16.85343,52.39935],[16.85392,52.39898],[16.85522,52.39799],[16.85643,52.39708],[16.85656,52.39698],[16.85669,52.39688],[16.85691,52.39672],[16.85734,52.39639],[16.85706,52.3964],[16.85662,52.3964],[16.85608,52.39523],[16.85588,52.39513],[16.85582,52.39497],[16.85589,52.39483],[16.85637,52.39456],[16.85648,52.39451],[16.85687,52.3942],[16.85737,52.39381],[16.85758,52.39383],[16.85791,52.39392],[16.85885,52.39392],[16.85904,52.39365],[16.85818,52.39314],[16.85803,52.39305],[16.85821,52.39302],[16.85848,52.39299],[16.85871,52.39296],[16.85885,52.39281],[16.85904,52.39288],[16.85807,52.3923],[16.85796,52.39223],[16.85623,52.39118],[16.85468,52.39024],[16.85437,52.39009],[16.85417,52.39],[16.85433,52.38986],[16.85467,52.38961],[16.85496,52.38939],[16.85506,52.38931],[16.85562,52.38882],[16.85616,52.38832],[16.85662,52.38788],[16.85755,52.38704],[16.85791,52.38669],[16.85839,52.38624],[16.85893,52.38575],[16.85924,52.38547],[16.85986,52.3849],[16.85993,52.3848],[16.85994,52.38432],[16.86056,52.38436],[16.86064,52.38435],[16.86073,52.38433],[16.86091,52.38426],[16.86108,52.38416],[16.86146,52.38434],[16.86253,52.38488],[16.86303,52.38455],[16.86308,52.38446],[16.86309,52.38407],[16.86309,52.38389],[16.86311,52.38377],[16.86315,52.38368],[16.86324,52.38356],[16.86331,52.38349],[16.86346,52.38339],[16.8637,52.38328],[16.86435,52.38303],[16.86482,52.38288],[16.86513,52.38279],[16.86526,52.38275],[16.86537,52.38272],[16.86531,52.38257],[16.86477,52.38155],[16.86474,52.38147],[16.86473,52.38137],[16.86473,52.38124],[16.86477,52.38015],[16.86475,52.38006],[16.86484,52.37955],[16.86581,52.37959],[16.86691,52.37964],[16.86776,52.37967],[16.86888,52.37972],[16.87005,52.37977],[16.87026,52.37978],[16.87023,52.38005],[16.87023,52.38008],[16.87019,52.38047],[16.87015,52.38081],[16.8705,52.381],[16.8705,52.381],[16.87045,52.38104],[16.87026,52.38116],[16.87026,52.38117],[16.87009,52.38128],[16.86991,52.38141],[16.86973,52.38153],[16.86956,52.38165],[16.86938,52.38177],[16.86921,52.38189],[16.86903,52.38201],[16.86886,52.38213],[16.86867,52.38226],[16.86851,52.38237],[16.86846,52.38241],[16.86815,52.38262],[16.86812,52.38264],[16.86835,52.38278],[16.86908,52.3832],[16.86954,52.38346],[16.86991,52.38367],[16.87027,52.38388],[16.87051,52.38401],[16.87115,52.38438],[16.87118,52.38439],[16.87133,52.38448],[16.87142,52.38453],[16.87146,52.38455],[16.87162,52.38464],[16.87214,52.38494],[16.87226,52.38501],[16.87246,52.38513],[16.87347,52.3857],[16.87347,52.3857],[16.8738,52.38589],[16.87687,52.38764],[16.87797,52.38772],[16.87824,52.38774],[16.87925,52.38688],[16.87935,52.38678],[16.87988,52.38713],[16.88106,52.38798],[16.88144,52.38829],[16.88183,52.38862],[16.88239,52.38905],[16.88364,52.39023],[16.88445,52.39097],[16.88516,52.39163],[16.88542,52.39192],[16.88562,52.39219],[16.88614,52.39303],[16.88657,52.39375],[16.88708,52.39466],[16.88756,52.39552],[16.88777,52.39599],[16.88789,52.39628],[16.88815,52.39693],[16.88862,52.39805],[16.88932,52.39972],[16.88936,52.39989],[16.8894,52.40007],[16.88942,52.40023],[16.88942,52.40025],[16.88929,52.40162],[16.88911,52.40235],[16.8891,52.40241],[16.88906,52.40267],[16.88819,52.40234],[16.88706,52.40194],[16.88631,52.40171],[16.88495,52.40133],[16.88358,52.40095],[16.8822,52.40055],[16.88094,52.4002],[16.87921,52.39975],[16.87863,52.3996],[16.87744,52.39929],[16.87645,52.39905],[16.87638,52.39932],[16.87627,52.39968],[16.87613,52.40024],[16.87592,52.40172],[16.87589,52.40198],[16.87567,52.40323],[16.87547,52.40433],[16.87547,52.40433],[16.87353,52.40426],[16.87315,52.40424],[16.87274,52.40423],[16.8718,52.40419],[16.87091,52.40415],[16.86996,52.40411],[16.86933,52.40409],[16.86894,52.40409]]]]}},{"type":"Feature","properties":{"i":14,"name":"Umultowo"},"geometry":{"type":"MultiPolygon","coordinates":[[[[16.94621,52.48383],[16.94614,52.48385],[16.94595,52.48381],[16.94544,52.48374],[16.94502,52.48376],[16.94475,52.48378],[16.94438,52.48376],[16.94322,52.48358],[16.9427,52.48344],[16.93441,52.4782],[16.93437,52.47817],[16.9336,52.4733],[16.93357,52.47316],[16.93351,52.47277],[16.93354,52.47268],[16.93411,52.47237],[16.93458,52.47217],[16.93481,52.4721],[16.93496,52.47199],[16.93508,52.47182],[16.93532,52.47119],[16.9352,52.47073],[16.93512,52.47051],[16.93487,52.47018],[16.93451,52.46964],[16.93416,52.46931],[16.93376,52.46864],[16.93312,52.46783],[16.93269,52.4671],[16.93261,52.46688],[16.93263,52.46674],[16.93273,52.46657],[16.93298,52.46637],[16.9332,52.46626],[16.93346,52.46616],[16.93362,52.46609],[16.93304,52.46559],[16.93246,52.46525],[16.93214,52.46508],[16.932,52.46498],[16.93176,52.46466],[16.93169,52.46453],[16.93138,52.46368],[16.93118,52.46342],[16.9308,52.46289],[16.93067,52.46272],[16.93061,52.46263],[16.9306,52.46261],[16.9306,52.46261],[16.93224,52.46229],[16.93224,52.46229],[16.9352,52.46168],[16.9352,52.46168],[16.93849,52.46108],[16.93849,52.46108],[16.94253,52.46039],[16.94253,52.46039],[16.94642,52.45972],[16.94642,52.45972],[16.95082,52.45897],[16.95082,52.45897],[16.95403,52.45842],[16.95631,52.45803],[16.95707,52.45789],[16.95728,52.45808],[16.95745,52.45826],[16.95754,52.45827],[16.95882,52.45846],[16.95965,52.45859],[16.96014,52.45862],[16.96036,52.45866],[16.96063,52.45868],[16.96109,52.45866],[16.96159,52.45859],[16.96159,52.45859],[16.96176,52.45854],[16.96202,52.45851],[16.96253,52.45854],[16.96293,52.45861],[16.96321,52.45875],[16.96347,52.45899],[16.96375,52.4593],[16.96386,52.4595],[16.96402,52.45956],[16.96407,52.45968],[16.96407,52.45968],[16.96462,52.45965],[16.96462,52.45965],[16.96562,52.45956],[16.96649,52.45948],[16.96657,52.45946],[16.96716,52.45918],[16.96722,52.45913],[16.96723,52.45891],[16.96727,52.45879],[16.96729,52.45815],[16.96746,52.45754],[16.96749,52.4574],[16.96779,52.45709],[16.96779,52.45709],[16.96791,52.45698],[16.96805,52.45685],[16.96811,52.45673],[16.96805,52.45635],[16.96808,52.45604],[16.96834,52.45567],[16.9688,52.4553],[16.9688,52.4553],[16.96937,52.45502],[16.96937,52.45502],[16.96964,52.45491],[16.96964,52.45491],[16.96981,52.45484],[16.96996,52.45476],[16.97001,52.45473],[16.97011,52.45469],[16.97023,52.4547],[16.97037,52.45474],[16.97048,52.45477],[16.97058,52.45476],[16.97104,52.45472],[16.97111,52.45469],[16.97114,52.45463],[16.97117,52.45457],[16.97121,52.45457],[16.97128,52.45456],[16.97138,52.45453],[16.97146,52.45447],[16.97146,52.45447],[16.97202,52.45426],[16.97213,52.45434],[16.97265,52.4546],[16.97315,52.45478],[16.97355,52.45492],[16.97413,52.45509],[16.97506,52.45524],[16.97619,52.4555],[16.97729,52.45582],[16.97812,52.45624],[16.97845,52.45651],[16.97895,52.45713],[16.97942,52.45776],[16.97961,52.45817],[16.97977,52.45868],[16.97973,52.45955],[16.97949,52.46046],[16.9788,52.46129],[16.9788,52.46129],[16.97826,52.46172],[16.97826,52.46172],[16.97671,52.46286],[16.97671,52.46286],[16.97621,52.46346],[16.97586,52.46484],[16.97588,52.46608],[16.9757,52.46758],[16.97553,52.4686],[16.97514,52.46915],[16.97526,52.46976],[16.97488,52.47056],[16.97431,52.47131],[16.97364,52.47197],[16.97283,52.47275],[16.97242,52.47321],[16.97224,52.4736],[16.97052,52.47384],[16.96959,52.47397],[16.96261,52.47494],[16.95694,52.47572],[16.95695,52.47572],[16.95425,52.4763],[16.95374,52.47656],[16.95341,52.47684],[16.95332,52.47695],[16.95304,52.47724],[16.95282,52.47737],[16.9527,52.47744],[16.95252,52.47751],[16.95197,52.47772],[16.95157,52.47783],[16.95108,52.47797],[16.95082,52.47799],[16.95004,52.47795],[16.94657,52.47771],[16.94614,52.47792],[16.94565,52.47875],[16.94588,52.47893],[16.94859,52.47987],[16.94854,52.47996],[16.94814,52.48015],[16.94792,52.48026],[16.9478,52.48038],[16.94767,52.48051],[16.94766,52.48056],[16.94804,52.48117],[16.94806,52.4812],[16.94807,52.48122],[16.94843,52.4818],[16.94863,52.48205],[16.94902,52.48234],[16.94941,52.48264],[16.94963,52.48291],[16.94963,52.48339],[16.94926,52.48344],[16.94912,52.48343],[16.94892,52.48343],[16.94876,52.48346],[16.9487,52.48353],[16.94796,52.48364],[16.94753,52.48377],[16.94711,52.48384],[16.94683,52.48385],[16.94666,52.48384],[16.94657,52.4838],[16.94653,52.48382],[16.94648,52.48383],[16.94636,52.48382],[16.94621,52.48383]]]]}},{"type":"Feature","properties":{"i":15,"name":"Górczyn"},"geometry":{"type":"MultiPolygon","coordinates":[[[[16.8913,52.38716],[16.89109,52.38725],[16.88976,52.38762],[16.8895,52.38764],[16.88866,52.38765],[16.88765,52.38764],[16.8876,52.38765],[16.88744,52.38766],[16.88729,52.38767],[16.8867,52.3878],[16.88652,52.38784],[16.88643,52.38786],[16.88633,52.38788],[16.8854,52.38807],[16.88529,52.38809],[16.88486,52.38822],[16.88421,52.38844],[16.88351,52.38871],[16.88239,52.38905],[16.88183,52.38862],[16.88144,52.38829],[16.88106,52.38798],[16.87988,52.38713],[16.87935,52.38678],[16.87925,52.38688],[16.87824,52.38774],[16.87797,52.38772],[16.87687,52.38764],[16.8738,52.38589],[16.87347,52.3857],[16.87347,52.3857],[16.87246,52.38513],[16.87226,52.38501],[16.87214,52.38494],[16.87162,52.38464],[16.87146,52.38455],[16.87142,52.38453],[16.87133,52.38448],[16.87118,52.38439],[16.87115,52.38438],[16.87051,52.38401],[16.87027,52.38388],[16.86991,52.38367],[16.86954,52.38346],[16.86908,52.3832],[16.86835,52.38278],[16.86812,52.38264],[16.86815,52.38262],[16.86846,52.38241],[16.86851,52.38237],[16.86867,52.38226],[16.86886,52.38213],[16.86903,52.38201],[16.86921,52.38189],[16.86938,52.38177],[16.86956,52.38165],[16.86973,52.38153],[16.86991,52.38141],[16.87009,52.38128],[16.87026,52.38117],[16.87026,52.38116],[16.87045,52.38104],[16.8705,52.381],[16.8705,52.381],[16.87015,52.38081],[16.87019,52.38047],[16.87023,52.38008],[16.87023,52.38005],[16.87026,52.37978],[16.87005,52.37977],[16.86888,52.37972],[16.86776,52.37967],[16.86691,52.37964],[16.86581,52.37959],[16.86484,52.37955],[16.86377,52.3795],[16.86147,52.37941],[16.86076,52.37938],[16.86042,52.37937],[16.86014,52.37935],[16.85988,52.37934],[16.85945,52.37932],[16.85878,52.3793],[16.85859,52.37929],[16.85749,52.37924],[16.85612,52.37918],[16.85483,52.37912],[16.85359,52.37907],[16.85258,52.37903],[16.85186,52.379],[16.85091,52.37896],[16.84992,52.37892],[16.84993,52.37875],[16.84992,52.3787],[16.84995,52.37864],[16.84999,52.37861],[16.85005,52.37859],[16.85011,52.37851],[16.85018,52.37849],[16.85028,52.37849],[16.85034,52.37848],[16.85055,52.37843],[16.85055,52.37838],[16.85073,52.37835],[16.8508,52.3783],[16.85087,52.37826],[16.85096,52.37822],[16.851,52.37819],[16.85101,52.37816],[16.85129,52.37792],[16.8514,52.37783],[16.8515,52.37774],[16.85157,52.3777],[16.85163,52.37762],[16.85174,52.37754],[16.85175,52.37753],[16.85177,52.37751],[16.8518,52.37749],[16.85196,52.37735],[16.85211,52.37723],[16.85219,52.37716],[16.85223,52.37712],[16.85244,52.37694],[16.85268,52.37673],[16.85301,52.37646],[16.85326,52.37624],[16.85346,52.37606],[16.85355,52.37597],[16.85369,52.3758],[16.85372,52.37576],[16.85374,52.37573],[16.85377,52.3757],[16.85428,52.37516],[16.8543,52.37514],[16.85438,52.37505],[16.85477,52.37471],[16.85486,52.37462],[16.85504,52.37445],[16.8554,52.37413],[16.85567,52.37389],[16.85589,52.37369],[16.85608,52.37353],[16.85658,52.37306],[16.85718,52.37248],[16.85726,52.3724],[16.85737,52.37235],[16.85745,52.3723],[16.85751,52.37226],[16.85781,52.37204],[16.85816,52.37181],[16.85841,52.3717],[16.85912,52.37151],[16.85955,52.3714],[16.86003,52.37128],[16.86054,52.37115],[16.86096,52.37105],[16.86149,52.37092],[16.86212,52.37073],[16.86299,52.37029],[16.86308,52.37024],[16.86322,52.37018],[16.86395,52.36985],[16.86453,52.36958],[16.86505,52.36933],[16.86529,52.36926],[16.86566,52.36906],[16.86575,52.36892],[16.86583,52.36882],[16.86583,52.36865],[16.86596,52.36854],[16.86605,52.36839],[16.8662,52.36832],[16.86625,52.36829],[16.86642,52.36819],[16.86653,52.36807],[16.86672,52.36796],[16.86689,52.36783],[16.86705,52.36775],[16.8672,52.36766],[16.86736,52.36749],[16.86749,52.36741],[16.86772,52.36721],[16.8678,52.36708],[16.86807,52.36692],[16.86815,52.36684],[16.86819,52.36683],[16.86841,52.36675],[16.86869,52.3666],[16.86879,52.36655],[16.86888,52.36645],[16.86891,52.36643],[16.86948,52.36627],[16.86957,52.36621],[16.87282,52.36779],[16.87388,52.36828],[16.8749,52.36875],[16.87594,52.36928],[16.87604,52.36932],[16.87654,52.36953],[16.87651,52.36962],[16.87618,52.37037],[16.87614,52.37046],[16.87605,52.3707],[16.87599,52.37107],[16.87598,52.37115],[16.87595,52.3715],[16.8761,52.37227],[16.87611,52.37228],[16.87633,52.37267],[16.87651,52.373],[16.87676,52.37343],[16.87688,52.3736],[16.87696,52.3737],[16.87725,52.37407],[16.8775,52.37439],[16.87765,52.37457],[16.87805,52.37508],[16.87826,52.37534],[16.8785,52.37565],[16.87876,52.37597],[16.87901,52.3763],[16.87932,52.37668],[16.87959,52.37688],[16.87989,52.37713],[16.88004,52.37724],[16.88078,52.37643],[16.88088,52.3764],[16.88145,52.37617],[16.88207,52.37593],[16.88218,52.37589],[16.8824,52.37607],[16.88367,52.37544],[16.88367,52.37544],[16.88417,52.37519],[16.88476,52.37497],[16.88577,52.37459],[16.88658,52.37435],[16.88682,52.37427],[16.88803,52.37397],[16.88853,52.3747],[16.88905,52.37555],[16.88901,52.3771],[16.88911,52.37737],[16.88918,52.37758],[16.88922,52.37768],[16.88935,52.37763],[16.88967,52.37748],[16.89,52.37733],[16.89038,52.37715],[16.89074,52.37699],[16.89112,52.37681],[16.89138,52.3767],[16.89166,52.37657],[16.89198,52.37643],[16.8922,52.37634],[16.89232,52.37629],[16.89248,52.37622],[16.89269,52.37615],[16.89293,52.37608],[16.89319,52.376],[16.89341,52.37594],[16.89366,52.37588],[16.89386,52.37583],[16.89414,52.37577],[16.8944,52.37573],[16.89461,52.3757],[16.89469,52.37568],[16.89478,52.37567],[16.89499,52.37565],[16.89524,52.37562],[16.89547,52.3756],[16.8957,52.37559],[16.89595,52.37558],[16.8962,52.37557],[16.89648,52.37558],[16.89672,52.37558],[16.89695,52.37559],[16.8972,52.3756],[16.89748,52.37561],[16.89803,52.37562],[16.89825,52.37562],[16.89858,52.37561],[16.89887,52.37559],[16.89917,52.37557],[16.89944,52.37554],[16.89972,52.3755],[16.89998,52.37547],[16.90022,52.37542],[16.90037,52.37539],[16.90051,52.37537],[16.9007,52.37533],[16.90093,52.37527],[16.90127,52.37517],[16.90162,52.37508],[16.90198,52.37498],[16.9025,52.37483],[16.90275,52.37476],[16.90315,52.37465],[16.90316,52.37472],[16.90316,52.37485],[16.90316,52.375],[16.90315,52.37514],[16.90314,52.3753],[16.9031,52.37562],[16.90306,52.37579],[16.90302,52.37597],[16.90298,52.3761],[16.90294,52.37626],[16.9029,52.37642],[16.90285,52.3766],[16.9028,52.3768],[16.90276,52.37697],[16.90273,52.37714],[16.9027,52.37731],[16.90269,52.37747],[16.90268,52.37763],[16.90268,52.37778],[16.90269,52.37784],[16.90273,52.37818],[16.90279,52.37849],[16.90286,52.37868],[16.90293,52.37889],[16.90304,52.37911],[16.90323,52.37944],[16.90398,52.38069],[16.90404,52.38077],[16.90423,52.3811],[16.90433,52.38128],[16.90441,52.38141],[16.90456,52.38169],[16.90466,52.38189],[16.90479,52.38217],[16.90497,52.38256],[16.90516,52.38296],[16.90299,52.38403],[16.90194,52.38438],[16.90179,52.38443],[16.90157,52.38451],[16.90104,52.38477],[16.89985,52.38514],[16.89816,52.38566],[16.89678,52.38607],[16.89638,52.38619],[16.89602,52.38628],[16.89578,52.38632],[16.89571,52.38632],[16.89561,52.38632],[16.89542,52.38632],[16.89499,52.38631],[16.8947,52.38631],[16.89457,52.38632],[16.89447,52.38634],[16.89436,52.38636],[16.89382,52.3865],[16.89373,52.38653],[16.8913,52.38716]]]]}},{"type":"Feature","properties":{"i":16,"name":"Jeżyce"},"geometry":{"type":"MultiPolygon","coordinates":[[[[16.91561,52.41362],[16.91558,52.41367],[16.91555,52.41375],[16.91551,52.41387],[16.91545,52.41405],[16.91535,52.41429],[16.91521,52.41455],[16.91507,52.41478],[16.91499,52.4149],[16.91484,52.41511],[16.91466,52.41532],[16.91441,52.4156],[16.91422,52.41577],[16.91401,52.41595],[16.91398,52.41598],[16.91381,52.41611],[16.91364,52.41623],[16.91348,52.41634],[16.91321,52.41651],[16.91294,52.41667],[16.91276,52.41677],[16.91248,52.4169],[16.91226,52.41701],[16.91199,52.41712],[16.91171,52.41723],[16.9114,52.41733],[16.91123,52.41739],[16.91104,52.41744],[16.91088,52.41749],[16.91064,52.41755],[16.91042,52.41761],[16.91029,52.41763],[16.90999,52.4177],[16.90964,52.41777],[16.90873,52.41793],[16.90791,52.41808],[16.90731,52.41818],[16.90644,52.41833],[16.90554,52.41849],[16.90489,52.4186],[16.90446,52.41868],[16.90407,52.41875],[16.90371,52.41881],[16.90281,52.41897],[16.90193,52.41911],[16.90124,52.41923],[16.90073,52.41931],[16.90018,52.4194],[16.89957,52.4195],[16.89907,52.41958],[16.89864,52.41965],[16.89849,52.41967],[16.89818,52.41972],[16.89782,52.41978],[16.89747,52.41984],[16.8971,52.4199],[16.8968,52.41995],[16.89631,52.42003],[16.89578,52.42011],[16.89536,52.42018],[16.89482,52.42027],[16.89431,52.42035],[16.89409,52.42039],[16.89399,52.42018],[16.89391,52.42003],[16.89295,52.41812],[16.89232,52.41697],[16.89173,52.41588],[16.8915,52.41539],[16.89114,52.41479],[16.89025,52.41335],[16.88978,52.41249],[16.88937,52.41163],[16.88909,52.41102],[16.88859,52.40962],[16.89439,52.40881],[16.8983,52.40827],[16.89878,52.4082],[16.89891,52.40818],[16.90145,52.40783],[16.90162,52.4078],[16.90168,52.4078],[16.9071,52.40704],[16.90766,52.40695],[16.90785,52.40692],[16.90887,52.40676],[16.90977,52.40661],[16.91019,52.40656],[16.91176,52.40654],[16.91198,52.40654],[16.9121,52.40654],[16.91319,52.40652],[16.91357,52.40767],[16.9137,52.40803],[16.91379,52.40815],[16.91394,52.40837],[16.91408,52.40857],[16.91424,52.4088],[16.9143,52.4089],[16.91436,52.40898],[16.91441,52.40908],[16.91448,52.40921],[16.91453,52.40931],[16.91457,52.40941],[16.91466,52.40962],[16.9147,52.40972],[16.91479,52.40996],[16.91487,52.4102],[16.91476,52.41022],[16.9148,52.41031],[16.91503,52.41092],[16.91543,52.41208],[16.91564,52.4126],[16.91568,52.41312],[16.91564,52.41347],[16.91561,52.41362]]]]}},{"type":"Feature","properties":{"i":17,"name":"Junikowo"},"geometry":{"type":"MultiPolygon","coordinates":[[[[16.85691,52.39672],[16.85669,52.39688],[16.85656,52.39698],[16.85643,52.39708],[16.85522,52.39799],[16.85392,52.39898],[16.85343,52.39935],[16.85175,52.40061],[16.85144,52.40087],[16.84838,52.39951],[16.84658,52.39891],[16.84607,52.39874],[16.84409,52.39809],[16.8428,52.39766],[16.84171,52.3973],[16.84058,52.39693],[16.83948,52.39657],[16.83944,52.39656],[16.83781,52.39602],[16.83627,52.39551],[16.83616,52.39547],[16.83612,52.39546],[16.8361,52.39545],[16.83604,52.39543],[16.836,52.39542],[16.83464,52.39497],[16.83453,52.39494],[16.83361,52.39464],[16.83345,52.39458],[16.83315,52.39449],[16.83205,52.39414],[16.8313,52.39387],[16.83068,52.39367],[16.83063,52.39365],[16.8289,52.39308],[16.82886,52.39307],[16.82867,52.393],[16.82812,52.39283],[16.82797,52.39278],[16.82792,52.39276],[16.82666,52.39234],[16.82654,52.39231],[16.82648,52.39229],[16.82644,52.3922],[16.82641,52.39216],[16.8263,52.39215],[16.82589,52.39203],[16.82577,52.39201],[16.82566,52.39201],[16.82548,52.39204],[16.82538,52.39208],[16.82531,52.39213],[16.82514,52.39239],[16.82489,52.3928],[16.82465,52.3932],[16.82438,52.39361],[16.824,52.39417],[16.82366,52.39518],[16.8236,52.39535],[16.82352,52.39554],[16.82344,52.39568],[16.82312,52.39619],[16.82307,52.39631],[16.82306,52.3964],[16.82306,52.39681],[16.82305,52.39693],[16.82303,52.39701],[16.82182,52.39663],[16.81616,52.39473],[16.81686,52.39377],[16.81399,52.39233],[16.81391,52.39228],[16.81378,52.39222],[16.81108,52.39086],[16.81107,52.39073],[16.81138,52.39048],[16.81198,52.38999],[16.8126,52.38949],[16.81322,52.389],[16.81338,52.38892],[16.81469,52.38909],[16.81547,52.38925],[16.81592,52.38934],[16.81693,52.38938],[16.8181,52.38956],[16.81907,52.38978],[16.81849,52.38927],[16.8181,52.38891],[16.81734,52.38837],[16.81707,52.38819],[16.81758,52.38784],[16.81814,52.38746],[16.81825,52.38739],[16.81865,52.38723],[16.81917,52.38703],[16.82103,52.38629],[16.82285,52.38631],[16.82481,52.38632],[16.82515,52.38632],[16.82533,52.38632],[16.82703,52.38634],[16.82968,52.38556],[16.83041,52.38535],[16.8305,52.38527],[16.83168,52.38425],[16.83283,52.38327],[16.83312,52.38288],[16.83316,52.38278],[16.83244,52.38257],[16.83225,52.38247],[16.83164,52.38206],[16.8306,52.38133],[16.82996,52.3809],[16.82918,52.38035],[16.8278,52.37938],[16.82719,52.37897],[16.82651,52.37851],[16.8259,52.37808],[16.82581,52.37801],[16.82588,52.37797],[16.82607,52.3778],[16.82614,52.37774],[16.82645,52.37775],[16.82716,52.37778],[16.82782,52.37781],[16.82832,52.37783],[16.82892,52.37786],[16.82959,52.37788],[16.83006,52.3779],[16.83055,52.37792],[16.83096,52.37794],[16.83146,52.37797],[16.83191,52.37798],[16.83219,52.378],[16.8327,52.37801],[16.83314,52.37803],[16.83366,52.37806],[16.83414,52.37808],[16.83416,52.37808],[16.83421,52.37808],[16.83433,52.37808],[16.83451,52.37807],[16.83469,52.37807],[16.83485,52.37807],[16.83508,52.37806],[16.83531,52.37806],[16.83545,52.37805],[16.83556,52.37804],[16.83564,52.37804],[16.83573,52.37803],[16.83586,52.37801],[16.83603,52.37799],[16.83619,52.37796],[16.83634,52.37794],[16.83648,52.37791],[16.83659,52.37788],[16.83673,52.37784],[16.83688,52.3778],[16.83704,52.37775],[16.83723,52.37768],[16.83739,52.37762],[16.83752,52.37757],[16.83765,52.3775],[16.83776,52.37745],[16.83788,52.37738],[16.83813,52.37722],[16.83817,52.37719],[16.83824,52.37714],[16.83832,52.37707],[16.83844,52.37696],[16.83856,52.37685],[16.83864,52.37678],[16.83875,52.37667],[16.83885,52.37658],[16.83896,52.37648],[16.83907,52.37637],[16.83915,52.37628],[16.83923,52.37618],[16.83928,52.37613],[16.83933,52.37607],[16.83935,52.37602],[16.83939,52.37595],[16.83943,52.3759],[16.83948,52.37581],[16.83952,52.3757],[16.83955,52.37562],[16.83957,52.37552],[16.83958,52.37541],[16.83958,52.3753],[16.84315,52.3733],[16.84388,52.37325],[16.84392,52.37347],[16.84319,52.37351],[16.84307,52.37352],[16.84332,52.37503],[16.84331,52.37513],[16.84333,52.37537],[16.84347,52.37553],[16.84439,52.37631],[16.84511,52.37691],[16.8452,52.37701],[16.84543,52.37729],[16.84574,52.37768],[16.84598,52.37763],[16.84695,52.37735],[16.84874,52.37684],[16.84869,52.37675],[16.84868,52.37669],[16.84929,52.37646],[16.84957,52.3773],[16.84992,52.37892],[16.85091,52.37896],[16.85186,52.379],[16.85258,52.37903],[16.85359,52.37907],[16.85483,52.37912],[16.85612,52.37918],[16.85749,52.37924],[16.85859,52.37929],[16.85878,52.3793],[16.85945,52.37932],[16.85988,52.37934],[16.86014,52.37935],[16.86042,52.37937],[16.86076,52.37938],[16.86147,52.37941],[16.86377,52.3795],[16.86484,52.37955],[16.86475,52.38006],[16.86477,52.38015],[16.86473,52.38124],[16.86473,52.38137],[16.86474,52.38147],[16.86477,52.38155],[16.86531,52.38257],[16.86537,52.38272],[16.86526,52.38275],[16.86513,52.38279],[16.86482,52.38288],[16.86435,52.38303],[16.8637,52.38328],[16.86346,52.38339],[16.86331,52.38349],[16.86324,52.38356],[16.86315,52.38368],[16.86311,52.38377],[16.86309,52.38389],[16.86309,52.38407],[16.86308,52.38446],[16.86303,52.38455],[16.86253,52.38488],[16.86146,52.38434],[16.86108,52.38416],[16.86091,52.38426],[16.86073,52.38433],[16.86064,52.38435],[16.86056,52.38436],[16.85994,52.38432],[16.85993,52.3848],[16.85986,52.3849],[16.85924,52.38547],[16.85893,52.38575],[16.85839,52.38624],[16.85791,52.38669],[16.85755,52.38704],[16.85662,52.38788],[16.85616,52.38832],[16.85562,52.38882],[16.85506,52.38931],[16.85496,52.38939],[16.85467,52.38961],[16.85433,52.38986],[16.85417,52.39],[16.85437,52.39009],[16.85468,52.39024],[16.85623,52.39118],[16.85796,52.39223],[16.85807,52.3923],[16.85904,52.39288],[16.85885,52.39281],[16.85871,52.39296],[16.85848,52.39299],[16.85821,52.39302],[16.85803,52.39305],[16.85818,52.39314],[16.85904,52.39365],[16.85885,52.39392],[16.85791,52.39392],[16.85758,52.39383],[16.85737,52.39381],[16.85687,52.3942],[16.85648,52.39451],[16.85637,52.39456],[16.85589,52.39483],[16.85582,52.39497],[16.85588,52.39513],[16.85608,52.39523],[16.85662,52.3964],[16.85706,52.3964],[16.85734,52.39639],[16.85691,52.39672]]]]}},{"type":"Feature","properties":{"i":18,"name":"Antoninek-Zieliniec-Kobylepole"},"geometry":{"type":"MultiPolygon","coordinates":[[[[17.04478,52.40844],[17.04484,52.40849],[17.04485,52.4085],[17.04497,52.40859],[17.04529,52.40864],[17.04541,52.40872],[17.04551,52.4088],[17.04596,52.40893],[17.04605,52.40883],[17.04687,52.40922],[17.04725,52.40941],[17.04812,52.40964],[17.04855,52.40985],[17.04901,52.41008],[17.04927,52.41021],[17.04975,52.41057],[17.05064,52.41087],[17.05136,52.41109],[17.05202,52.41114],[17.05328,52.41144],[17.05366,52.41186],[17.05389,52.41221],[17.05412,52.41227],[17.05443,52.41257],[17.05485,52.41262],[17.05536,52.41286],[17.05584,52.41294],[17.05654,52.4131],[17.05726,52.41329],[17.05799,52.4133],[17.05827,52.41337],[17.05898,52.41331],[17.05984,52.41333],[17.06026,52.41364],[17.06123,52.41418],[17.06179,52.41435],[17.06212,52.4146],[17.06253,52.41483],[17.06338,52.41514],[17.06445,52.41577],[17.06487,52.41606],[17.06523,52.41622],[17.06545,52.41633],[17.06567,52.41658],[17.0661,52.41694],[17.0664,52.41725],[17.06654,52.41757],[17.06655,52.41801],[17.0666,52.41861],[17.06644,52.41926],[17.06651,52.41957],[17.06647,52.42011],[17.06656,52.42042],[17.06705,52.42092],[17.06734,52.42146],[17.06757,52.42179],[17.06782,52.42204],[17.0682,52.42257],[17.06849,52.42267],[17.06876,52.42303],[17.06884,52.42326],[17.06892,52.42358],[17.06907,52.42385],[17.06917,52.42401],[17.06934,52.42427],[17.06957,52.42438],[17.06958,52.42462],[17.07006,52.4249],[17.07037,52.42503],[17.07062,52.42512],[17.07116,52.42544],[17.07171,52.4259],[17.07168,52.42657],[17.07149,52.42683],[17.07149,52.42683],[17.07085,52.42678],[17.0708,52.42677],[17.07061,52.42642],[17.06895,52.42513],[17.06845,52.42553],[17.06819,52.42574],[17.06797,52.42592],[17.06783,52.42603],[17.0677,52.42613],[17.06754,52.42626],[17.06747,52.42632],[17.0674,52.42637],[17.06715,52.42657],[17.06697,52.42672],[17.06664,52.42699],[17.06615,52.42738],[17.06559,52.42783],[17.06422,52.42734],[17.06347,52.42718],[17.06337,52.42716],[17.06323,52.42713],[17.06256,52.427],[17.06174,52.42684],[17.06074,52.42664],[17.06074,52.42664],[17.06103,52.42562],[17.0611,52.42538],[17.06114,52.42527],[17.06134,52.42477],[17.06134,52.42477],[17.06016,52.42416],[17.05882,52.42347],[17.05692,52.42249],[17.05547,52.42175],[17.05547,52.42175],[17.054,52.42099],[17.05256,52.42178],[17.05256,52.42178],[17.05113,52.42255],[17.04931,52.42354],[17.04835,52.42406],[17.04821,52.42414],[17.04819,52.42415],[17.04813,52.42419],[17.04812,52.42419],[17.04808,52.42421],[17.04783,52.42434],[17.04779,52.42437],[17.04772,52.4244],[17.0467,52.42496],[17.04653,52.42505],[17.0452,52.42577],[17.04373,52.42657],[17.04207,52.42746],[17.0403,52.42841],[17.03981,52.42867],[17.03975,52.42856],[17.03964,52.42837],[17.03891,52.42718],[17.03828,52.42616],[17.03767,52.42515],[17.03689,52.42387],[17.03689,52.42387],[17.0365,52.42446],[17.03628,52.42479],[17.03567,52.4257],[17.03502,52.4267],[17.03439,52.42768],[17.03432,52.42779],[17.03429,52.42784],[17.03423,52.42792],[17.0342,52.42797],[17.03367,52.42879],[17.03305,52.42975],[17.033,52.42983],[17.033,52.42983],[17.03172,52.42971],[17.02974,52.42954],[17.02865,52.42945],[17.02857,52.42944],[17.02844,52.42943],[17.02731,52.42933],[17.02697,52.4293],[17.02551,52.42918],[17.02534,52.42916],[17.02531,52.42916],[17.02511,52.42914],[17.02494,52.42913],[17.02468,52.4291],[17.02442,52.42908],[17.02429,52.42907],[17.02416,52.42905],[17.0239,52.42903],[17.02365,52.42901],[17.02339,52.42899],[17.02313,52.42897],[17.02299,52.42895],[17.02286,52.42894],[17.0226,52.42892],[17.02233,52.4289],[17.02207,52.42888],[17.02202,52.42887],[17.02184,52.42886],[17.02167,52.42884],[17.02132,52.42881],[17.02093,52.42878],[17.02049,52.42874],[17.0204,52.42873],[17.02014,52.42871],[17.01979,52.42868],[17.01952,52.42866],[17.0194,52.42865],[17.01925,52.42864],[17.01898,52.42861],[17.01884,52.4286],[17.01863,52.42858],[17.01827,52.42855],[17.01805,52.42853],[17.01783,52.42851],[17.01763,52.42849],[17.0173,52.42846],[17.01716,52.42846],[17.01589,52.42835],[17.01583,52.42834],[17.01477,52.42825],[17.0122,52.42802],[17.01158,52.42797],[17.01099,52.42902],[17.01064,52.42965],[17.01064,52.42965],[17.01056,52.42976],[17.01056,52.42976],[17.01012,52.42968],[17.00918,52.42951],[17.00858,52.42939],[17.0079,52.42926],[17.00734,52.42914],[17.00676,52.429],[17.00658,52.42895],[17.0063,52.42888],[17.00579,52.42874],[17.00557,52.42868],[17.00455,52.42838],[17.00312,52.42794],[17.00192,52.42756],[17.00057,52.42715],[16.99955,52.42683],[16.99751,52.42619],[16.99544,52.42555],[16.99575,52.4254],[16.99625,52.42513],[16.99698,52.42475],[16.99786,52.42429],[16.99917,52.42361],[17.00013,52.42311],[17.00066,52.42283],[17.00146,52.42241],[17.00263,52.4218],[17.00415,52.42101],[17.00536,52.42038],[17.00663,52.41972],[17.00739,52.41932],[17.00745,52.41926],[17.00786,52.41884],[17.00907,52.41761],[17.00981,52.41686],[17.01067,52.41598],[17.01075,52.41591],[17.01112,52.41553],[17.01228,52.41435],[17.01264,52.41398],[17.01296,52.41366],[17.01367,52.41293],[17.01407,52.41252],[17.01431,52.41228],[17.01463,52.41195],[17.01462,52.41193],[17.01447,52.41169],[17.01417,52.41106],[17.01411,52.41096],[17.0141,52.41092],[17.01405,52.41074],[17.01102,52.41064],[17.01074,52.41064],[17.00957,52.41061],[17.00686,52.41048],[17.00646,52.41048],[17.00325,52.4104],[17.00212,52.41034],[16.99715,52.41014],[16.99681,52.41013],[16.99682,52.40973],[16.99686,52.40969],[16.99686,52.40922],[16.99688,52.40917],[16.9969,52.40914],[16.99695,52.40909],[16.99705,52.40902],[16.99719,52.40898],[16.9983,52.40872],[16.99866,52.4086],[16.99902,52.40845],[16.99922,52.40834],[16.9993,52.40829],[16.99956,52.40816],[17.00093,52.40766],[17.00204,52.40728],[17.00252,52.40713],[17.00295,52.40702],[17.00357,52.40691],[17.00368,52.40687],[17.00407,52.4067],[17.00437,52.4064],[17.00452,52.40609],[17.00453,52.40608],[17.00454,52.40606],[17.00439,52.40605],[17.00343,52.40595],[17.00332,52.40594],[17.00326,52.40591],[17.00265,52.40574],[17.00206,52.40557],[17.002,52.40555],[17.00148,52.40531],[17.00108,52.40514],[17.0007,52.40499],[17.00039,52.40493],[16.9996,52.40484],[16.99937,52.40481],[16.99915,52.40478],[16.99913,52.40477],[16.99895,52.40471],[16.99844,52.40462],[16.99809,52.40448],[16.99777,52.40434],[16.99747,52.40424],[16.99706,52.40412],[16.99662,52.40398],[16.99618,52.40387],[16.99578,52.40378],[16.99541,52.40372],[16.99516,52.40362],[16.99502,52.40359],[16.99461,52.4035],[16.99427,52.40341],[16.99416,52.40339],[16.99361,52.40341],[16.99311,52.40338],[16.99271,52.40342],[16.99217,52.40349],[16.99158,52.40353],[16.99106,52.40359],[16.99028,52.40354],[16.98984,52.40344],[16.98927,52.40333],[16.98888,52.40326],[16.98852,52.40314],[16.98832,52.40304],[16.98864,52.40298],[16.98924,52.40268],[16.98931,52.40265],[16.98954,52.40258],[16.98977,52.40246],[16.98958,52.40231],[16.98954,52.40222],[16.9895,52.40213],[16.98946,52.40206],[16.98927,52.40167],[16.98925,52.40162],[16.98924,52.40158],[16.98909,52.40112],[16.98902,52.40091],[16.98899,52.40087],[16.9887,52.40046],[16.98847,52.40022],[16.98815,52.39997],[16.98812,52.39995],[16.98841,52.39962],[16.98898,52.39906],[16.98907,52.39896],[16.98917,52.39887],[16.98966,52.39855],[16.9899,52.39839],[16.99023,52.39838],[16.9904,52.39832],[16.99047,52.39823],[16.99048,52.39784],[16.99063,52.39768],[16.99065,52.39755],[16.99058,52.39744],[16.99045,52.39734],[16.99084,52.39728],[16.99112,52.3972],[16.99131,52.39707],[16.99182,52.3965],[16.99184,52.39648],[16.99214,52.39616],[16.99224,52.39608],[16.99228,52.396],[16.99232,52.39595],[16.99247,52.39581],[16.99286,52.39539],[16.99297,52.39528],[16.99343,52.39482],[16.994,52.3946],[16.99425,52.39453],[16.99449,52.39449],[16.99474,52.39446],[16.9951,52.39442],[16.99533,52.39441],[16.99567,52.39445],[16.99583,52.39445],[16.9959,52.39443],[16.99595,52.39441],[16.99536,52.39377],[16.9949,52.39332],[16.99479,52.3932],[16.99474,52.39317],[16.99642,52.39277],[16.99866,52.39224],[16.99918,52.39213],[16.99862,52.39125],[16.99472,52.38637],[16.99505,52.38623],[16.99591,52.38562],[16.99668,52.385],[16.99721,52.38457],[16.99759,52.38415],[16.99906,52.38303],[17.00332,52.37978],[17.01679,52.38565],[17.01831,52.38234],[17.01955,52.37971],[17.02874,52.37966],[17.03087,52.37965],[17.03099,52.37963],[17.03111,52.37963],[17.03124,52.37964],[17.0322,52.37971],[17.03365,52.37981],[17.03407,52.37983],[17.0342,52.37982],[17.03431,52.37978],[17.03439,52.37974],[17.03446,52.37965],[17.03474,52.37873],[17.035,52.37791],[17.03545,52.37634],[17.03617,52.37365],[17.03632,52.37299],[17.03655,52.37199],[17.03696,52.37194],[17.0375,52.37192],[17.03804,52.37193],[17.03918,52.37196],[17.03926,52.37196],[17.04055,52.37198],[17.04081,52.37193],[17.04095,52.37187],[17.0412,52.3717],[17.04162,52.3715],[17.0419,52.37134],[17.04234,52.37105],[17.04341,52.37027],[17.0436,52.37015],[17.04393,52.36996],[17.04413,52.36976],[17.04533,52.36882],[17.04559,52.36864],[17.04613,52.36822],[17.04622,52.36806],[17.04642,52.36789],[17.04767,52.36694],[17.04805,52.36666],[17.04975,52.36544],[17.05024,52.36505],[17.05088,52.36453],[17.05106,52.3644],[17.05117,52.36432],[17.0515,52.36402],[17.05179,52.36375],[17.05188,52.36371],[17.05197,52.36368],[17.05222,52.36358],[17.05243,52.36344],[17.05291,52.36307],[17.05338,52.3627],[17.05361,52.36255],[17.05369,52.36254],[17.05376,52.36256],[17.05381,52.36258],[17.05383,52.3626],[17.0539,52.36263],[17.05395,52.36264],[17.05402,52.36263],[17.05416,52.36258],[17.0551,52.36234],[17.05522,52.36231],[17.05529,52.36228],[17.05532,52.36226],[17.05536,52.36221],[17.05556,52.36196],[17.05581,52.36166],[17.05609,52.36133],[17.05619,52.36122],[17.05646,52.36089],[17.05684,52.36043],[17.05703,52.36031],[17.05734,52.36011],[17.0576,52.35995],[17.05768,52.35992],[17.05775,52.3599],[17.05781,52.35991],[17.05789,52.36014],[17.05795,52.36048],[17.05813,52.36107],[17.05815,52.36126],[17.05822,52.36189],[17.05816,52.36214],[17.05805,52.3627],[17.058,52.36301],[17.05794,52.36333],[17.05786,52.36369],[17.05779,52.36406],[17.05769,52.36445],[17.05765,52.36463],[17.05761,52.36496],[17.05755,52.36545],[17.05752,52.36568],[17.05749,52.36591],[17.05742,52.36635],[17.05742,52.36636],[17.05743,52.36636],[17.05742,52.36647],[17.05736,52.3671],[17.05734,52.36791],[17.05711,52.36874],[17.05692,52.36918],[17.05688,52.36929],[17.05665,52.36976],[17.0566,52.37002],[17.05651,52.37047],[17.05641,52.3708],[17.05612,52.37151],[17.05587,52.37215],[17.05561,52.37275],[17.05554,52.37291],[17.05549,52.37304],[17.05536,52.37335],[17.05529,52.37351],[17.05523,52.37365],[17.05515,52.3738],[17.05509,52.37393],[17.05495,52.37422],[17.05495,52.37424],[17.05482,52.3745],[17.05431,52.37579],[17.05426,52.37592],[17.05413,52.37621],[17.05411,52.37627],[17.05409,52.37631],[17.05384,52.37686],[17.05347,52.37741],[17.05292,52.37809],[17.05245,52.37864],[17.05224,52.37889],[17.05158,52.37973],[17.05154,52.37985],[17.05154,52.37987],[17.05153,52.3799],[17.05152,52.37993],[17.05128,52.3808],[17.05104,52.38116],[17.0508,52.38152],[17.05041,52.38211],[17.05006,52.38263],[17.0496,52.38368],[17.04928,52.38458],[17.04878,52.38548],[17.04857,52.38664],[17.04851,52.38731],[17.04853,52.38745],[17.04847,52.38812],[17.04842,52.38871],[17.04807,52.38958],[17.04781,52.39073],[17.04849,52.39146],[17.0486,52.39179],[17.04907,52.39316],[17.04949,52.39435],[17.0495,52.39439],[17.04948,52.39455],[17.04946,52.39471],[17.04944,52.39486],[17.04941,52.39494],[17.04933,52.39513],[17.04926,52.39524],[17.0492,52.39534],[17.04913,52.39545],[17.0491,52.39549],[17.04906,52.39555],[17.04897,52.39565],[17.04886,52.39577],[17.04886,52.39577],[17.04876,52.39588],[17.04868,52.39597],[17.04866,52.39599],[17.04866,52.39599],[17.04859,52.39606],[17.04848,52.39614],[17.04838,52.39623],[17.04834,52.39627],[17.04829,52.3963],[17.04827,52.39632],[17.04805,52.39647],[17.04786,52.39661],[17.04766,52.39675],[17.04747,52.39688],[17.04725,52.39704],[17.04706,52.39718],[17.04687,52.39731],[17.04667,52.39745],[17.04648,52.39759],[17.04645,52.39761],[17.04627,52.39772],[17.04606,52.39786],[17.04579,52.39804],[17.0453,52.39835],[17.0447,52.39865],[17.04469,52.39866],[17.04459,52.39871],[17.04423,52.39891],[17.04316,52.39939],[17.04274,52.3996],[17.0426,52.39968],[17.04186,52.40005],[17.0409,52.40046],[17.04083,52.40049],[17.04045,52.40066],[17.0392,52.40112],[17.03904,52.4012],[17.03846,52.40149],[17.03806,52.40169],[17.03689,52.40204],[17.03689,52.40204],[17.03713,52.40231],[17.03735,52.40251],[17.03742,52.40257],[17.03743,52.4026],[17.03746,52.40265],[17.03748,52.40268],[17.03763,52.40331],[17.03791,52.40358],[17.03793,52.4036],[17.03795,52.40362],[17.03799,52.40366],[17.03806,52.40373],[17.03811,52.40378],[17.03813,52.4038],[17.03815,52.40382],[17.03829,52.40371],[17.03849,52.40362],[17.0386,52.40359],[17.03887,52.4035],[17.03896,52.40347],[17.03909,52.40343],[17.03927,52.4034],[17.03963,52.40329],[17.03984,52.40325],[17.04031,52.40315],[17.04042,52.40315],[17.04074,52.40315],[17.04086,52.40317],[17.04122,52.40322],[17.04149,52.40327],[17.04159,52.40329],[17.04184,52.40333],[17.04212,52.4034],[17.0424,52.40347],[17.04293,52.40358],[17.04378,52.40374],[17.04408,52.4038],[17.04429,52.40385],[17.04448,52.40392],[17.04463,52.404],[17.0448,52.40407],[17.04483,52.40409],[17.04491,52.40422],[17.04502,52.40439],[17.04504,52.40441],[17.04509,52.40447],[17.04527,52.40464],[17.0453,52.40468],[17.04531,52.40469],[17.04544,52.40485],[17.04545,52.40486],[17.0455,52.40492],[17.04554,52.40497],[17.04639,52.406],[17.04647,52.406],[17.04678,52.40602],[17.04677,52.40604],[17.04677,52.40604],[17.04661,52.40624],[17.04654,52.40633],[17.04654,52.40633],[17.04649,52.4064],[17.0463,52.40664],[17.0463,52.40664],[17.04639,52.40669],[17.04644,52.40672],[17.04655,52.40676],[17.04664,52.4068],[17.04677,52.40685],[17.04679,52.4069],[17.04682,52.40696],[17.04687,52.40707],[17.04689,52.40711],[17.0469,52.40716],[17.04705,52.40755],[17.04699,52.40785],[17.04699,52.40785],[17.04686,52.40793],[17.04679,52.40793],[17.04679,52.40793],[17.04678,52.40798],[17.04678,52.40798],[17.04656,52.408],[17.04637,52.40809],[17.04598,52.40802],[17.04595,52.40801],[17.04566,52.40797],[17.0456,52.40791],[17.0456,52.40791],[17.04567,52.40784],[17.04567,52.40784],[17.04549,52.40783],[17.04545,52.40782],[17.04545,52.40782],[17.04544,52.40783],[17.04536,52.40783],[17.04529,52.40785],[17.04527,52.40785],[17.04524,52.40786],[17.04524,52.40788],[17.04523,52.4079],[17.0452,52.40794],[17.04506,52.40803],[17.04503,52.40806],[17.04499,52.40812],[17.04494,52.4082],[17.04493,52.40824],[17.04494,52.40828],[17.04484,52.40837],[17.0448,52.40839],[17.04478,52.40844],[17.04478,52.40844]]]]}},{"type":"Feature","properties":{"i":19,"name":"Żegrze"},"geometry":{"type":"MultiPolygon","coordinates":[[[[16.9867,52.37246],[16.98424,52.37451],[16.98251,52.37593],[16.97995,52.37806],[16.97764,52.38],[16.97609,52.3813],[16.97511,52.3821],[16.97178,52.38488],[16.9708,52.38568],[16.96795,52.38804],[16.96634,52.38938],[16.96612,52.38956],[16.96591,52.38944],[16.96564,52.38927],[16.96533,52.38902],[16.96512,52.38879],[16.96496,52.38856],[16.96483,52.38835],[16.96482,52.38831],[16.96477,52.38815],[16.96474,52.38804],[16.96472,52.38789],[16.96473,52.38786],[16.96471,52.3877],[16.96471,52.38756],[16.96469,52.3869],[16.96468,52.38679],[16.96468,52.38652],[16.96462,52.38617],[16.96451,52.38592],[16.96448,52.38585],[16.96432,52.38565],[16.96414,52.38543],[16.96393,52.38524],[16.96375,52.3851],[16.96368,52.38506],[16.96348,52.38493],[16.96321,52.38511],[16.96243,52.38579],[16.96167,52.38643],[16.96103,52.38705],[16.96041,52.38758],[16.95829,52.38653],[16.95475,52.38478],[16.95582,52.38174],[16.956,52.38158],[16.95623,52.38137],[16.95635,52.38128],[16.95646,52.38122],[16.95689,52.38106],[16.95712,52.38097],[16.95694,52.38073],[16.95679,52.38048],[16.95646,52.37994],[16.95634,52.37974],[16.95622,52.37947],[16.95618,52.3793],[16.95618,52.37911],[16.95624,52.37891],[16.95633,52.3787],[16.95647,52.3785],[16.95668,52.37832],[16.95723,52.37796],[16.95743,52.37782],[16.95725,52.37768],[16.95704,52.37752],[16.95593,52.37656],[16.95606,52.37647],[16.9561,52.37641],[16.95607,52.3763],[16.95597,52.37619],[16.96289,52.37259],[16.96386,52.36961],[16.96389,52.36938],[16.9643,52.36794],[16.96453,52.36709],[16.96495,52.36655],[16.9651,52.36621],[16.96516,52.366],[16.96512,52.36549],[16.96506,52.36525],[16.96542,52.36361],[16.96814,52.36418],[16.9708,52.36536],[16.97099,52.36544],[16.97557,52.36746],[16.9867,52.37246]]]]}},{"type":"Feature","properties":{"i":20,"name":"Nowe Winogrady Południe"},"geometry":{"type":"MultiPolygon","coordinates":[[[[16.92015,52.43609],[16.92008,52.43609],[16.92002,52.43568],[16.92,52.43547],[16.91998,52.43525],[16.91994,52.43499],[16.91992,52.43478],[16.91987,52.43447],[16.91983,52.43413],[16.91979,52.43386],[16.91977,52.4337],[16.91974,52.43356],[16.9197,52.43343],[16.91965,52.43329],[16.91961,52.43318],[16.91956,52.43305],[16.91955,52.43301],[16.91946,52.4328],[16.91941,52.43267],[16.91936,52.43254],[16.91933,52.43243],[16.9193,52.43234],[16.91928,52.43223],[16.91926,52.43212],[16.91925,52.43202],[16.91924,52.43191],[16.91923,52.43181],[16.91924,52.43162],[16.91925,52.43143],[16.91926,52.43127],[16.91928,52.43106],[16.9193,52.43085],[16.91932,52.43063],[16.91933,52.43039],[16.91935,52.43018],[16.91937,52.42994],[16.91938,52.4297],[16.91939,52.4295],[16.9194,52.42928],[16.91939,52.42906],[16.91939,52.42894],[16.91938,52.42889],[16.91936,52.42885],[16.91934,52.4288],[16.91932,52.42875],[16.91931,52.42871],[16.9193,52.42856],[16.91928,52.42818],[16.91935,52.42801],[16.91934,52.42777],[16.91933,52.42755],[16.91933,52.42744],[16.91932,52.42718],[16.91986,52.42719],[16.92003,52.42719],[16.9202,52.42717],[16.92042,52.42714],[16.92117,52.42712],[16.92136,52.42711],[16.92161,52.42712],[16.92184,52.42713],[16.92208,52.42717],[16.92228,52.4272],[16.92249,52.42724],[16.92278,52.4273],[16.92315,52.42741],[16.9236,52.42759],[16.92446,52.42794],[16.92521,52.42826],[16.92576,52.42851],[16.92664,52.42899],[16.92779,52.4297],[16.9283,52.42999],[16.92859,52.43012],[16.92866,52.43015],[16.929,52.43028],[16.92931,52.43038],[16.92934,52.43039],[16.92977,52.4305],[16.93013,52.43056],[16.93069,52.43063],[16.93229,52.43084],[16.93324,52.43093],[16.93344,52.43093],[16.93353,52.43093],[16.93364,52.43093],[16.9338,52.43093],[16.93419,52.43088],[16.93526,52.43071],[16.93592,52.43063],[16.93628,52.4306],[16.93631,52.4306],[16.93681,52.43054],[16.93744,52.43044],[16.93816,52.43032],[16.9391,52.43012],[16.9397,52.42997],[16.94115,52.42957],[16.943,52.42907],[16.94499,52.42853],[16.94737,52.42786],[16.94679,52.42919],[16.94654,52.42971],[16.94603,52.43087],[16.94599,52.43101],[16.94601,52.4312],[16.9461,52.43143],[16.94618,52.43157],[16.94631,52.43192],[16.94631,52.43192],[16.9443,52.43275],[16.94282,52.43336],[16.94161,52.43385],[16.93938,52.43469],[16.93851,52.4349],[16.93756,52.43506],[16.93296,52.43536],[16.93053,52.4355],[16.92817,52.43562],[16.92542,52.43575],[16.92439,52.43585],[16.92194,52.43605],[16.92096,52.43607],[16.92015,52.43609]]]]}},{"type":"Feature","properties":{"i":21,"name":"Ogrody"},"geometry":{"type":"MultiPolygon","coordinates":[[[[16.89409,52.42039],[16.89409,52.42039],[16.8942,52.4206],[16.8941,52.42063],[16.89391,52.42069],[16.89377,52.42074],[16.89365,52.42078],[16.89349,52.42084],[16.89335,52.42089],[16.89321,52.42094],[16.89308,52.421],[16.89292,52.42106],[16.89274,52.42114],[16.89259,52.4212],[16.8924,52.42128],[16.89223,52.42136],[16.89209,52.42142],[16.89194,52.4215],[16.89181,52.42156],[16.89168,52.42162],[16.89154,52.42169],[16.8914,52.42177],[16.89126,52.42184],[16.89114,52.42191],[16.89101,52.42198],[16.89089,52.42205],[16.89077,52.42211],[16.89061,52.42221],[16.89048,52.42229],[16.89034,52.42238],[16.89022,52.42246],[16.89008,52.42255],[16.88993,52.42265],[16.88983,52.42272],[16.88973,52.4228],[16.8896,52.42289],[16.88948,52.42298],[16.88933,52.4231],[16.8892,52.4232],[16.88907,52.42331],[16.88894,52.42343],[16.8888,52.42355],[16.88866,52.42367],[16.88793,52.42352],[16.88782,52.42345],[16.88765,52.42338],[16.88755,52.42331],[16.88735,52.42325],[16.8871,52.4232],[16.88684,52.42314],[16.88651,52.42311],[16.88614,52.4231],[16.88562,52.42313],[16.88542,52.42316],[16.88523,52.4232],[16.88505,52.42324],[16.88489,52.42329],[16.88468,52.42334],[16.8845,52.42338],[16.8844,52.42341],[16.88408,52.42347],[16.88396,52.4235],[16.88377,52.42354],[16.88365,52.42357],[16.88348,52.42358],[16.88333,52.42361],[16.88321,52.42366],[16.88303,52.42372],[16.88282,52.42376],[16.88254,52.42385],[16.88218,52.42396],[16.88193,52.42404],[16.88164,52.42415],[16.88155,52.42417],[16.88139,52.42421],[16.88121,52.42424],[16.88103,52.42431],[16.88079,52.42438],[16.88066,52.4244],[16.88052,52.42444],[16.88035,52.42452],[16.88017,52.42458],[16.87997,52.42463],[16.87982,52.42469],[16.87957,52.42478],[16.87924,52.42492],[16.87911,52.42502],[16.87871,52.42519],[16.87867,52.42518],[16.87863,52.42517],[16.87856,52.42521],[16.87847,52.42524],[16.87837,52.42526],[16.87829,52.42531],[16.87821,52.42537],[16.87812,52.42543],[16.87805,52.42547],[16.87792,52.4255],[16.87777,52.42554],[16.87762,52.42558],[16.87747,52.42563],[16.87734,52.42565],[16.87722,52.42568],[16.87709,52.42571],[16.87698,52.42572],[16.87684,52.42576],[16.87672,52.42564],[16.87539,52.4238],[16.87533,52.42372],[16.87522,52.42358],[16.87522,52.42358],[16.87514,52.42347],[16.87511,52.42343],[16.87508,52.42339],[16.87503,52.42328],[16.87418,52.42225],[16.8738,52.42175],[16.8738,52.42169],[16.87387,52.42162],[16.87391,52.42152],[16.87391,52.42143],[16.87388,52.42131],[16.87382,52.42128],[16.87368,52.4213],[16.87355,52.42128],[16.87348,52.42123],[16.87336,52.42099],[16.8733,52.42087],[16.87313,52.42056],[16.87299,52.42023],[16.87288,52.41991],[16.87245,52.41909],[16.87229,52.41879],[16.87196,52.4182],[16.87127,52.41697],[16.87064,52.41585],[16.87023,52.41511],[16.87017,52.41497],[16.87013,52.41482],[16.86998,52.41392],[16.86983,52.41306],[16.86967,52.41227],[16.8698,52.41225],[16.87322,52.41177],[16.87432,52.41162],[16.87485,52.41155],[16.87502,52.41152],[16.87686,52.41127],[16.87709,52.41123],[16.88199,52.41054],[16.88345,52.41033],[16.88718,52.40981],[16.88785,52.40972],[16.88859,52.40962],[16.88909,52.41102],[16.88937,52.41163],[16.88978,52.41249],[16.89025,52.41335],[16.89114,52.41479],[16.8915,52.41539],[16.89173,52.41588],[16.89232,52.41697],[16.89295,52.41812],[16.89391,52.42003],[16.89399,52.42018],[16.89409,52.42039]]]]}},{"type":"Feature","properties":{"i":22,"name":"Ławica"},"geometry":{"type":"MultiPolygon","coordinates":[[[[16.83886,52.42733],[16.83882,52.42754],[16.83881,52.42755],[16.83852,52.42772],[16.83817,52.42793],[16.83626,52.42742],[16.83597,52.42734],[16.83447,52.42694],[16.83408,52.42694],[16.83396,52.42694],[16.8339,52.42694],[16.83336,52.42694],[16.8333,52.42694],[16.83302,52.42694],[16.8328,52.42692],[16.83249,52.42691],[16.83223,52.42691],[16.83204,52.42691],[16.83167,52.42693],[16.83148,52.42694],[16.83113,52.42696],[16.82947,52.42704],[16.82924,52.42705],[16.82866,52.42708],[16.82737,52.42711],[16.82726,52.42711],[16.82717,52.42711],[16.82704,52.42711],[16.82674,52.42711],[16.82642,52.42712],[16.82621,52.42712],[16.8261,52.42712],[16.82601,52.42712],[16.82588,52.42711],[16.82579,52.42711],[16.82554,52.42711],[16.82535,52.42711],[16.82508,52.42711],[16.82462,52.42711],[16.82394,52.42712],[16.8239,52.42713],[16.82381,52.42713],[16.82371,52.42713],[16.82353,52.42714],[16.82335,52.42715],[16.82326,52.42715],[16.82325,52.42715],[16.82316,52.42715],[16.82298,52.42715],[16.82282,52.42715],[16.82279,52.42715],[16.82261,52.42715],[16.82243,52.42715],[16.82238,52.42715],[16.82224,52.42715],[16.82216,52.42715],[16.82206,52.42714],[16.82193,52.42714],[16.82187,52.42714],[16.82169,52.42714],[16.82151,52.42713],[16.82132,52.42713],[16.82109,52.42713],[16.82096,52.42712],[16.82077,52.42712],[16.82069,52.42712],[16.82059,52.42712],[16.8204,52.42711],[16.82022,52.4271],[16.82003,52.42716],[16.81989,52.42712],[16.8196,52.42711],[16.81921,52.42709],[16.81896,52.42708],[16.81882,52.42705],[16.81836,52.42698],[16.81833,52.42697],[16.81787,52.42689],[16.81777,52.42688],[16.81733,52.42686],[16.81714,52.42686],[16.81682,52.42685],[16.8163,52.42684],[16.81619,52.42684],[16.81605,52.42683],[16.81499,52.42682],[16.81354,52.42673],[16.81293,52.4267],[16.81235,52.42666],[16.81132,52.4266],[16.80947,52.42649],[16.80895,52.42646],[16.80908,52.42579],[16.80901,52.42579],[16.8084,52.42574],[16.80762,52.42569],[16.8022,52.42556],[16.80094,52.42534],[16.80045,52.42525],[16.80018,52.4252],[16.79952,52.42509],[16.79838,52.42488],[16.79777,52.42473],[16.79791,52.42462],[16.79802,52.42458],[16.79822,52.4245],[16.79863,52.42435],[16.79907,52.42417],[16.79913,52.42415],[16.79947,52.42397],[16.79994,52.42361],[16.80028,52.42327],[16.80031,52.42322],[16.80047,52.42293],[16.80056,52.42259],[16.80056,52.42248],[16.80056,52.42246],[16.80051,52.42126],[16.80055,52.42071],[16.80032,52.41993],[16.80005,52.41904],[16.79999,52.41884],[16.79997,52.4188],[16.79997,52.41848],[16.80014,52.4182],[16.80026,52.41779],[16.80012,52.41743],[16.8,52.41711],[16.79967,52.41661],[16.79941,52.41575],[16.79926,52.41523],[16.79908,52.41463],[16.79907,52.41461],[16.79906,52.41458],[16.79904,52.41449],[16.79902,52.41445],[16.79906,52.41437],[16.79907,52.41435],[16.7991,52.4143],[16.79882,52.414],[16.79877,52.41395],[16.79864,52.41384],[16.79846,52.4137],[16.79765,52.41325],[16.79744,52.41307],[16.79637,52.41199],[16.79571,52.41128],[16.79509,52.41076],[16.79538,52.41011],[16.79563,52.40955],[16.79574,52.409],[16.79579,52.4087],[16.7958,52.40867],[16.79633,52.40811],[16.79653,52.4079],[16.79662,52.40781],[16.79683,52.40759],[16.79724,52.40716],[16.79846,52.40588],[16.79888,52.40569],[16.79912,52.40558],[16.80077,52.40484],[16.80217,52.40498],[16.80325,52.40473],[16.80389,52.40458],[16.80431,52.40449],[16.8046,52.40434],[16.80484,52.40422],[16.8041,52.40388],[16.80381,52.40374],[16.80381,52.40374],[16.80355,52.40366],[16.80321,52.40357],[16.80134,52.40317],[16.80099,52.40311],[16.79971,52.40286],[16.79902,52.40271],[16.79867,52.40263],[16.79741,52.40227],[16.79734,52.40225],[16.79728,52.40223],[16.79722,52.40222],[16.79717,52.40221],[16.79746,52.40198],[16.79751,52.40194],[16.79753,52.40192],[16.7977,52.40179],[16.79778,52.40171],[16.79786,52.40164],[16.7979,52.40162],[16.79792,52.4016],[16.79805,52.40149],[16.79815,52.40141],[16.79817,52.40139],[16.79819,52.40137],[16.79832,52.40126],[16.79848,52.40113],[16.79864,52.401],[16.79865,52.40098],[16.79867,52.40097],[16.79882,52.40084],[16.79896,52.40072],[16.79909,52.40061],[16.79922,52.40051],[16.79923,52.4005],[16.79932,52.40042],[16.79935,52.40041],[16.79935,52.40041],[16.79935,52.40041],[16.79936,52.40039],[16.79952,52.40026],[16.79953,52.40026],[16.79954,52.40025],[16.79956,52.40023],[16.79969,52.40012],[16.79972,52.4001],[16.79987,52.39997],[16.79991,52.39994],[16.80002,52.39985],[16.80014,52.39975],[16.80026,52.39965],[16.8004,52.39954],[16.80077,52.39923],[16.8008,52.39921],[16.80111,52.39894],[16.80114,52.39892],[16.80121,52.39886],[16.80129,52.3988],[16.8014,52.39869],[16.80157,52.39856],[16.80167,52.39847],[16.80175,52.39841],[16.80182,52.39835],[16.80193,52.39826],[16.80196,52.39823],[16.80217,52.39807],[16.80234,52.39793],[16.80253,52.39778],[16.80252,52.39777],[16.80275,52.39758],[16.80278,52.39754],[16.80287,52.39741],[16.80299,52.39736],[16.80325,52.39709],[16.80368,52.39666],[16.8039,52.39646],[16.8043,52.39609],[16.80452,52.39591],[16.80454,52.39589],[16.80468,52.39578],[16.80546,52.39513],[16.80558,52.39504],[16.8056,52.39502],[16.80573,52.39491],[16.80582,52.39484],[16.80627,52.39448],[16.80648,52.39431],[16.80715,52.39377],[16.80758,52.39343],[16.80777,52.39327],[16.80786,52.3932],[16.80818,52.39294],[16.80867,52.39255],[16.80872,52.3925],[16.80932,52.39202],[16.80939,52.39196],[16.80955,52.39184],[16.80958,52.39182],[16.80961,52.39179],[16.80977,52.39166],[16.81,52.39148],[16.81014,52.39136],[16.81031,52.39122],[16.81071,52.3909],[16.8108,52.39082],[16.81094,52.39072],[16.81098,52.39068],[16.81107,52.39073],[16.81108,52.39086],[16.81378,52.39222],[16.81391,52.39228],[16.81399,52.39233],[16.81686,52.39377],[16.81616,52.39473],[16.82182,52.39663],[16.82303,52.39701],[16.82305,52.39693],[16.82306,52.39681],[16.82306,52.3964],[16.82307,52.39631],[16.82312,52.39619],[16.82344,52.39568],[16.82352,52.39554],[16.8236,52.39535],[16.82366,52.39518],[16.824,52.39417],[16.82438,52.39361],[16.82465,52.3932],[16.82489,52.3928],[16.82514,52.39239],[16.82531,52.39213],[16.82538,52.39208],[16.82548,52.39204],[16.82566,52.39201],[16.82577,52.39201],[16.82589,52.39203],[16.8263,52.39215],[16.82641,52.39216],[16.82644,52.3922],[16.82648,52.39229],[16.82654,52.39231],[16.82666,52.39234],[16.82792,52.39276],[16.82797,52.39278],[16.82812,52.39283],[16.82867,52.393],[16.82886,52.39307],[16.8289,52.39308],[16.83063,52.39365],[16.83068,52.39367],[16.8313,52.39387],[16.83205,52.39414],[16.83315,52.39449],[16.83345,52.39458],[16.83361,52.39464],[16.83453,52.39494],[16.83464,52.39497],[16.836,52.39542],[16.83604,52.39543],[16.8361,52.39545],[16.83612,52.39546],[16.83616,52.39547],[16.83627,52.39551],[16.83781,52.39602],[16.83944,52.39656],[16.83948,52.39657],[16.84058,52.39693],[16.84171,52.3973],[16.8428,52.39766],[16.84409,52.39809],[16.84607,52.39874],[16.84658,52.39891],[16.84838,52.39951],[16.85144,52.40087],[16.85383,52.40193],[16.85426,52.40213],[16.85911,52.40008],[16.85916,52.40002],[16.85925,52.39996],[16.86223,52.39873],[16.86268,52.39856],[16.8632,52.39912],[16.86386,52.39997],[16.86466,52.40103],[16.8658,52.40252],[16.86709,52.40421],[16.86718,52.40435],[16.86726,52.40465],[16.8675,52.4057],[16.86778,52.40685],[16.86788,52.40737],[16.868,52.40788],[16.86807,52.40814],[16.8681,52.40823],[16.86831,52.40874],[16.86838,52.40893],[16.8691,52.41071],[16.86951,52.41179],[16.86964,52.41213],[16.86967,52.41227],[16.86954,52.41226],[16.86773,52.41213],[16.86496,52.41194],[16.86421,52.41189],[16.86274,52.41184],[16.86137,52.41178],[16.86078,52.41178],[16.86067,52.41178],[16.85799,52.41189],[16.85344,52.41208],[16.85345,52.41216],[16.85346,52.41231],[16.85348,52.41247],[16.8536,52.41365],[16.85411,52.41451],[16.85471,52.41558],[16.85505,52.4162],[16.85511,52.4163],[16.85516,52.41638],[16.85525,52.41649],[16.85537,52.41665],[16.85545,52.417],[16.85736,52.42083],[16.85746,52.42105],[16.85638,52.42161],[16.85592,52.42169],[16.85587,52.42171],[16.85548,52.42184],[16.85313,52.42284],[16.85229,52.4232],[16.85226,52.42321],[16.85127,52.42351],[16.84925,52.42412],[16.84922,52.42408],[16.8482,52.42438],[16.84755,52.42458],[16.84702,52.42473],[16.84691,52.42477],[16.84624,52.42497],[16.846,52.42503],[16.8455,52.42517],[16.84471,52.42542],[16.84392,52.42561],[16.84273,52.42602],[16.84211,52.42616],[16.84204,52.42618],[16.84197,52.4262],[16.84108,52.4264],[16.83967,52.42667],[16.83883,52.42681],[16.83886,52.42733]]]]}},{"type":"Feature","properties":{"i":23,"name":"Chartowo"},"geometry":{"type":"MultiPolygon","coordinates":[[[[16.97736,52.40177],[16.97594,52.40187],[16.97458,52.39862],[16.97458,52.39862],[16.97458,52.39862],[16.97443,52.39827],[16.9743,52.39795],[16.974,52.3973],[16.97381,52.39688],[16.9737,52.39664],[16.97314,52.39541],[16.97242,52.39379],[16.97074,52.39237],[16.97065,52.39234],[16.97027,52.39209],[16.969,52.39124],[16.96758,52.39028],[16.96734,52.39014],[16.96719,52.39015],[16.96713,52.39013],[16.96692,52.39002],[16.96612,52.38956],[16.96634,52.38938],[16.96795,52.38804],[16.9708,52.38568],[16.97178,52.38488],[16.97511,52.3821],[16.97609,52.3813],[16.97764,52.38],[16.97995,52.37806],[16.98251,52.37593],[16.98424,52.37451],[16.9867,52.37246],[16.99033,52.3743],[16.99088,52.37462],[16.99284,52.37524],[16.99336,52.37544],[16.99397,52.37571],[16.99478,52.37606],[16.99563,52.37643],[17.00332,52.37978],[16.99906,52.38303],[16.99759,52.38415],[16.99721,52.38457],[16.99668,52.385],[16.99591,52.38562],[16.99505,52.38623],[16.99472,52.38637],[16.99862,52.39125],[16.99918,52.39213],[16.99866,52.39224],[16.99642,52.39277],[16.99474,52.39317],[16.99479,52.3932],[16.9949,52.39332],[16.99536,52.39377],[16.99595,52.39441],[16.9959,52.39443],[16.99583,52.39445],[16.99567,52.39445],[16.99533,52.39441],[16.9951,52.39442],[16.99474,52.39446],[16.99449,52.39449],[16.99425,52.39453],[16.994,52.3946],[16.99343,52.39482],[16.99297,52.39528],[16.99286,52.39539],[16.99247,52.39581],[16.99232,52.39595],[16.99228,52.396],[16.99224,52.39608],[16.99214,52.39616],[16.99184,52.39648],[16.99182,52.3965],[16.99131,52.39707],[16.99112,52.3972],[16.99084,52.39728],[16.99045,52.39734],[16.99058,52.39744],[16.99065,52.39755],[16.99063,52.39768],[16.99048,52.39784],[16.99047,52.39823],[16.9904,52.39832],[16.99023,52.39838],[16.9899,52.39839],[16.98966,52.39855],[16.98917,52.39887],[16.98907,52.39896],[16.98898,52.39906],[16.98841,52.39962],[16.98812,52.39995],[16.98815,52.39997],[16.98847,52.40022],[16.9887,52.40046],[16.98899,52.40087],[16.98449,52.40114],[16.97946,52.40161],[16.97892,52.40165],[16.97736,52.40177]]]]}},{"type":"Feature","properties":{"i":24,"name":"Nowe Winogrady Północ"},"geometry":{"type":"MultiPolygon","coordinates":[[[[16.94105,52.44258],[16.94069,52.4426],[16.93694,52.44269],[16.93423,52.44287],[16.93282,52.44297],[16.92904,52.44327],[16.92742,52.44322],[16.92349,52.44308],[16.92234,52.44282],[16.91998,52.44276],[16.91998,52.44267],[16.92,52.44238],[16.92,52.44222],[16.92002,52.44193],[16.92003,52.44162],[16.92005,52.4413],[16.92007,52.44102],[16.92007,52.44097],[16.92007,52.44093],[16.92008,52.44085],[16.92008,52.44066],[16.9201,52.44039],[16.92011,52.44013],[16.92013,52.43997],[16.92016,52.43968],[16.92019,52.43937],[16.92021,52.43912],[16.92025,52.43881],[16.92028,52.43846],[16.92027,52.43843],[16.9203,52.43823],[16.92031,52.43797],[16.92032,52.43772],[16.92031,52.43754],[16.9203,52.43732],[16.92028,52.4371],[16.92024,52.43682],[16.92021,52.43656],[16.92017,52.43623],[16.92015,52.43609],[16.92015,52.43609],[16.92096,52.43607],[16.92194,52.43605],[16.92439,52.43585],[16.92542,52.43575],[16.92817,52.43562],[16.93053,52.4355],[16.93296,52.43536],[16.93756,52.43506],[16.93851,52.4349],[16.93876,52.43524],[16.93912,52.43571],[16.93943,52.43617],[16.94025,52.43731],[16.94046,52.43774],[16.94061,52.43831],[16.94067,52.43893],[16.94075,52.43973],[16.94095,52.4416],[16.94105,52.44258]]]]}},{"type":"Feature","properties":{"i":25,"name":"Winiary"},"geometry":{"type":"MultiPolygon","coordinates":[[[[16.91015,52.42388],[16.91065,52.42382],[16.91161,52.42369],[16.91186,52.42352],[16.91201,52.42343],[16.91205,52.4234],[16.9123,52.42332],[16.91266,52.4232],[16.91546,52.42253],[16.91592,52.42243],[16.91595,52.42242],[16.9167,52.42224],[16.91724,52.42211],[16.9177,52.42199],[16.91791,52.42195],[16.91823,52.42187],[16.91832,52.42208],[16.91848,52.42245],[16.91863,52.42281],[16.91869,52.42297],[16.91877,52.42314],[16.91887,52.42343],[16.91893,52.42366],[16.91899,52.42388],[16.91901,52.42394],[16.91905,52.42412],[16.91909,52.42432],[16.91912,52.42445],[16.91916,52.42471],[16.9192,52.42498],[16.91923,52.42526],[16.91924,52.42554],[16.91926,52.42587],[16.91926,52.42604],[16.91927,52.42614],[16.91927,52.4262],[16.91928,52.42641],[16.91929,52.42665],[16.9193,52.42688],[16.91932,52.42718],[16.91933,52.42744],[16.91933,52.42755],[16.91934,52.42777],[16.91935,52.42801],[16.91928,52.42818],[16.9193,52.42856],[16.91931,52.42871],[16.91932,52.42875],[16.91934,52.4288],[16.91936,52.42885],[16.91938,52.42889],[16.91939,52.42894],[16.91939,52.42906],[16.9194,52.42928],[16.91939,52.4295],[16.91938,52.4297],[16.91937,52.42994],[16.91935,52.43018],[16.91933,52.43039],[16.91932,52.43063],[16.9193,52.43085],[16.91928,52.43106],[16.91926,52.43127],[16.91925,52.43143],[16.91924,52.43162],[16.91923,52.43181],[16.91924,52.43191],[16.91925,52.43202],[16.91926,52.43212],[16.91928,52.43223],[16.9193,52.43234],[16.91933,52.43243],[16.91936,52.43254],[16.91941,52.43267],[16.91946,52.4328],[16.91955,52.43301],[16.91956,52.43305],[16.91961,52.43318],[16.91965,52.43329],[16.9197,52.43343],[16.91974,52.43356],[16.91977,52.4337],[16.91979,52.43386],[16.91983,52.43413],[16.91987,52.43447],[16.91992,52.43478],[16.91994,52.43499],[16.91998,52.43525],[16.92,52.43547],[16.92002,52.43568],[16.92008,52.43609],[16.92015,52.43609],[16.92015,52.43609],[16.92017,52.43623],[16.92021,52.43656],[16.92024,52.43682],[16.92028,52.4371],[16.9203,52.43732],[16.92031,52.43754],[16.92032,52.43772],[16.92031,52.43797],[16.9203,52.43823],[16.92027,52.43843],[16.92028,52.43846],[16.92025,52.43881],[16.92021,52.43912],[16.92019,52.43937],[16.92016,52.43968],[16.92013,52.43997],[16.92011,52.44013],[16.9201,52.44039],[16.92008,52.44066],[16.92008,52.44085],[16.92007,52.44093],[16.92007,52.44097],[16.92007,52.44102],[16.92005,52.4413],[16.92003,52.44162],[16.92002,52.44193],[16.92,52.44222],[16.92,52.44238],[16.91998,52.44267],[16.91998,52.44276],[16.91852,52.44273],[16.91769,52.44284],[16.91729,52.44288],[16.91677,52.44292],[16.91295,52.44301],[16.91138,52.44313],[16.91019,52.4432],[16.90928,52.44318],[16.90875,52.44313],[16.90786,52.44301],[16.9072,52.44288],[16.90656,52.44272],[16.90579,52.4425],[16.90535,52.44238],[16.90492,52.44219],[16.90213,52.44117],[16.90227,52.44107],[16.90331,52.44042],[16.90339,52.44036],[16.9034,52.44029],[16.90337,52.44022],[16.90289,52.43936],[16.90215,52.43806],[16.90213,52.43804],[16.90108,52.43618],[16.90107,52.43616],[16.90286,52.43564],[16.90467,52.43513],[16.90589,52.4348],[16.90595,52.4348],[16.90641,52.43481],[16.90624,52.43458],[16.90534,52.43335],[16.90477,52.43257],[16.90431,52.43202],[16.90387,52.43154],[16.90359,52.43128],[16.90316,52.43089],[16.90262,52.43048],[16.90327,52.43014],[16.90342,52.43006],[16.90363,52.42995],[16.90462,52.42944],[16.90567,52.42891],[16.90607,52.42874],[16.90735,52.42824],[16.90765,52.42812],[16.90908,52.42766],[16.91003,52.42737],[16.91046,52.42725],[16.91059,52.42721],[16.91053,52.42716],[16.9105,52.4271],[16.91039,52.42683],[16.91036,52.42679],[16.91036,52.42675],[16.91036,52.42672],[16.91035,52.4267],[16.91034,52.42669],[16.91033,52.42668],[16.91028,52.42664],[16.91027,52.42661],[16.91028,52.42656],[16.91029,52.42653],[16.91032,52.42649],[16.9103,52.4264],[16.91032,52.42637],[16.91034,52.42632],[16.91034,52.42625],[16.91035,52.42618],[16.91033,52.42613],[16.91031,52.42607],[16.91026,52.42601],[16.91026,52.42599],[16.91029,52.42595],[16.91026,52.42589],[16.91017,52.42578],[16.90993,52.42575],[16.90994,52.42568],[16.90997,52.4256],[16.90984,52.42552],[16.90984,52.42547],[16.9098,52.42534],[16.90984,52.4252],[16.90993,52.42501],[16.91001,52.425],[16.91026,52.42498],[16.9102,52.42474],[16.9101,52.42475],[16.91017,52.42467],[16.91017,52.42465],[16.9102,52.42447],[16.9103,52.42446],[16.91025,52.42426],[16.91024,52.42422],[16.91016,52.42394],[16.91016,52.42394],[16.91015,52.42388]]]]}},{"type":"Feature","properties":{"i":26,"name":"Św. Łazarz"},"geometry":{"type":"MultiPolygon","coordinates":[[[[16.91319,52.40652],[16.9121,52.40654],[16.91198,52.40654],[16.91176,52.40654],[16.91019,52.40656],[16.90977,52.40661],[16.90887,52.40676],[16.90785,52.40692],[16.90766,52.40695],[16.9071,52.40704],[16.90168,52.4078],[16.90162,52.4078],[16.90145,52.40783],[16.89891,52.40818],[16.89878,52.4082],[16.8983,52.40827],[16.89439,52.40881],[16.88859,52.40962],[16.88847,52.40922],[16.88839,52.40881],[16.88833,52.4084],[16.88828,52.40792],[16.88825,52.40736],[16.88825,52.40695],[16.88825,52.40682],[16.8883,52.40618],[16.88839,52.40564],[16.88856,52.40493],[16.88882,52.40389],[16.88902,52.40298],[16.88906,52.40267],[16.8891,52.40241],[16.88911,52.40235],[16.88929,52.40162],[16.88942,52.40025],[16.88942,52.40023],[16.8894,52.40007],[16.88936,52.39989],[16.88932,52.39972],[16.88862,52.39805],[16.88815,52.39693],[16.88789,52.39628],[16.88777,52.39599],[16.88756,52.39552],[16.88708,52.39466],[16.88657,52.39375],[16.88614,52.39303],[16.88562,52.39219],[16.88542,52.39192],[16.88516,52.39163],[16.88445,52.39097],[16.88364,52.39023],[16.88239,52.38905],[16.88351,52.38871],[16.88421,52.38844],[16.88486,52.38822],[16.88529,52.38809],[16.8854,52.38807],[16.88633,52.38788],[16.88643,52.38786],[16.88652,52.38784],[16.8867,52.3878],[16.88729,52.38767],[16.88744,52.38766],[16.8876,52.38765],[16.88765,52.38764],[16.88866,52.38765],[16.8895,52.38764],[16.88976,52.38762],[16.89109,52.38725],[16.8913,52.38716],[16.89373,52.38653],[16.89382,52.3865],[16.89436,52.38636],[16.89447,52.38634],[16.89457,52.38632],[16.8947,52.38631],[16.89499,52.38631],[16.89542,52.38632],[16.89561,52.38632],[16.89571,52.38632],[16.89578,52.38632],[16.89602,52.38628],[16.89638,52.38619],[16.89678,52.38607],[16.89816,52.38566],[16.89985,52.38514],[16.90104,52.38477],[16.90157,52.38451],[16.90179,52.38443],[16.90194,52.38438],[16.90299,52.38403],[16.90516,52.38296],[16.90529,52.38326],[16.90541,52.38352],[16.90544,52.38358],[16.90545,52.38361],[16.90555,52.38381],[16.90567,52.38407],[16.90577,52.38431],[16.90583,52.38443],[16.90594,52.38466],[16.90604,52.3849],[16.90613,52.3851],[16.90622,52.38531],[16.90628,52.38551],[16.90634,52.38569],[16.90638,52.38583],[16.90643,52.38609],[16.90648,52.38639],[16.90648,52.38644],[16.90651,52.3867],[16.90654,52.38693],[16.90657,52.38718],[16.9066,52.3874],[16.90662,52.38759],[16.90665,52.3878],[16.90667,52.38806],[16.90668,52.38838],[16.90668,52.38852],[16.90668,52.38875],[16.90667,52.38897],[16.90666,52.38931],[16.90665,52.38952],[16.90664,52.38964],[16.90664,52.3898],[16.90664,52.38994],[16.90664,52.39008],[16.90664,52.39018],[16.90665,52.39029],[16.90665,52.39037],[16.90667,52.39048],[16.90668,52.3906],[16.90671,52.39072],[16.90673,52.39081],[16.90675,52.3909],[16.90677,52.39097],[16.90683,52.39115],[16.90692,52.39137],[16.90703,52.39164],[16.90713,52.39186],[16.90722,52.39207],[16.90729,52.39223],[16.90738,52.39244],[16.90748,52.39266],[16.90756,52.39285],[16.90765,52.39305],[16.90783,52.39348],[16.90791,52.39365],[16.90794,52.39372],[16.90806,52.394],[16.90815,52.3942],[16.90822,52.39437],[16.90839,52.39475],[16.90867,52.3954],[16.90868,52.39543],[16.90879,52.39568],[16.90887,52.39585],[16.90899,52.39613],[16.90913,52.39645],[16.90928,52.39679],[16.90942,52.39712],[16.90954,52.39738],[16.90958,52.39749],[16.90962,52.3976],[16.90969,52.39779],[16.90984,52.39823],[16.90985,52.3983],[16.90995,52.39856],[16.91018,52.39924],[16.91028,52.39955],[16.91093,52.40149],[16.9111,52.40201],[16.91128,52.40254],[16.91142,52.40298],[16.91144,52.40303],[16.91145,52.40306],[16.91152,52.40329],[16.91156,52.40347],[16.91215,52.4034],[16.91319,52.40652]]]]}},{"type":"Feature","properties":{"i":27,"name":"Zielony Dębiec"},"geometry":{"type":"MultiPolygon","coordinates":[[[[16.92017,52.35702],[16.92078,52.35752],[16.92136,52.35814],[16.92192,52.35862],[16.92259,52.35921],[16.92331,52.35978],[16.92396,52.36049],[16.92412,52.36064],[16.92444,52.36097],[16.92492,52.36166],[16.92517,52.36219],[16.92525,52.3624],[16.92548,52.36293],[16.92544,52.36339],[16.92548,52.36349],[16.92561,52.364],[16.92601,52.36479],[16.92631,52.36529],[16.92639,52.36544],[16.92678,52.36601],[16.92786,52.36744],[16.928,52.36799],[16.92812,52.36811],[16.92647,52.36854],[16.92544,52.3688],[16.92443,52.36906],[16.9231,52.36941],[16.92245,52.36958],[16.92171,52.36978],[16.92108,52.36995],[16.92005,52.37021],[16.91934,52.37039],[16.91851,52.37061],[16.91785,52.37078],[16.91713,52.37098],[16.91657,52.37116],[16.91591,52.37136],[16.91541,52.3715],[16.91498,52.37164],[16.91474,52.37171],[16.91434,52.37181],[16.91387,52.37191],[16.91343,52.37201],[16.91276,52.37216],[16.9122,52.37229],[16.91162,52.37242],[16.90921,52.37297],[16.90718,52.37354],[16.90649,52.37374],[16.90561,52.37399],[16.90498,52.37417],[16.90479,52.37422],[16.9047,52.37425],[16.90432,52.37435],[16.90405,52.37443],[16.90382,52.37449],[16.90349,52.37459],[16.90315,52.37465],[16.90314,52.37461],[16.90313,52.37453],[16.90312,52.37445],[16.9031,52.37434],[16.90307,52.37419],[16.90304,52.3741],[16.90302,52.374],[16.90298,52.3739],[16.90295,52.37379],[16.90291,52.37366],[16.90286,52.37353],[16.90281,52.37338],[16.90276,52.37324],[16.90273,52.37314],[16.9027,52.37305],[16.90268,52.37298],[16.90264,52.37286],[16.90257,52.37268],[16.90241,52.3722],[16.90229,52.37185],[16.90213,52.37137],[16.90196,52.3709],[16.90183,52.37051],[16.90169,52.37008],[16.90155,52.36966],[16.90138,52.36917],[16.90117,52.36857],[16.90104,52.36817],[16.90087,52.36767],[16.90069,52.36717],[16.90055,52.36672],[16.90034,52.36613],[16.90017,52.36564],[16.90004,52.36525],[16.89993,52.36494],[16.89981,52.36457],[16.89968,52.36418],[16.8996,52.36394],[16.89951,52.36368],[16.89938,52.36331],[16.89922,52.36283],[16.89907,52.36239],[16.8989,52.36189],[16.89875,52.36145],[16.89858,52.36098],[16.8984,52.36045],[16.89821,52.35988],[16.89803,52.35935],[16.89786,52.35884],[16.89772,52.35845],[16.89754,52.35792],[16.89736,52.35739],[16.8972,52.35693],[16.89704,52.35645],[16.89693,52.35612],[16.89682,52.35581],[16.89682,52.35581],[16.89699,52.35579],[16.89708,52.35578],[16.89709,52.35578],[16.89836,52.35562],[16.89915,52.35565],[16.89946,52.35566],[16.89953,52.35566],[16.89984,52.3556],[16.90001,52.35558],[16.90006,52.35557],[16.9002,52.35558],[16.90037,52.35559],[16.90056,52.35562],[16.90122,52.35578],[16.90146,52.35584],[16.90161,52.35588],[16.90167,52.35586],[16.90188,52.35579],[16.90192,52.35576],[16.90196,52.35565],[16.90207,52.35554],[16.90209,52.35554],[16.90218,52.35552],[16.90268,52.35545],[16.90279,52.35542],[16.90283,52.35541],[16.90289,52.3554],[16.9029,52.35539],[16.9029,52.35539],[16.90283,52.35528],[16.90276,52.35517],[16.90257,52.35486],[16.90257,52.35486],[16.90227,52.35437],[16.90227,52.35437],[16.90222,52.35429],[16.90187,52.3537],[16.90127,52.3527],[16.90097,52.35219],[16.90097,52.35219],[16.90103,52.35217],[16.90134,52.35204],[16.9017,52.35189],[16.90205,52.35175],[16.90269,52.35149],[16.90322,52.35084],[16.90323,52.35082],[16.90333,52.35078],[16.90339,52.3508],[16.90362,52.35089],[16.90365,52.3509],[16.90414,52.35115],[16.90432,52.35082],[16.90438,52.35072],[16.90462,52.35031],[16.90501,52.34963],[16.90501,52.34963],[16.90417,52.34962],[16.90417,52.34962],[16.90417,52.34936],[16.90417,52.34936],[16.90347,52.34934],[16.90323,52.34934],[16.90323,52.34933],[16.90326,52.34913],[16.90327,52.34901],[16.90354,52.34899],[16.90509,52.349],[16.9056,52.349],[16.90562,52.34869],[16.90562,52.34869],[16.90513,52.34872],[16.90507,52.34872],[16.90507,52.34872],[16.90507,52.34862],[16.90507,52.34852],[16.90506,52.34827],[16.90512,52.34822],[16.90512,52.34822],[16.90467,52.34807],[16.90444,52.348],[16.90417,52.34791],[16.9037,52.34777],[16.90349,52.3477],[16.9029,52.34751],[16.90282,52.34749],[16.90281,52.34748],[16.90246,52.34737],[16.90236,52.34737],[16.90225,52.3473],[16.90208,52.34732],[16.90197,52.34733],[16.90151,52.34738],[16.90151,52.34738],[16.90152,52.34732],[16.90154,52.34726],[16.903,52.34591],[16.90324,52.34569],[16.90364,52.34531],[16.90374,52.34522],[16.9041,52.34489],[16.9041,52.34489],[16.9041,52.34489],[16.90505,52.34532],[16.90565,52.34554],[16.9066,52.34574],[16.90751,52.34593],[16.90973,52.34586],[16.91105,52.34569],[16.91217,52.3457],[16.91335,52.34587],[16.91428,52.3462],[16.91565,52.34702],[16.91623,52.34767],[16.91668,52.34853],[16.9167,52.34891],[16.91684,52.34956],[16.917,52.35022],[16.91703,52.3505],[16.91697,52.35098],[16.91729,52.35179],[16.91747,52.35225],[16.91774,52.35309],[16.91806,52.35372],[16.9184,52.35444],[16.91872,52.35505],[16.91904,52.35546],[16.91916,52.35562],[16.91943,52.35598],[16.92017,52.35702]]]]}},{"type":"Feature","properties":{"i":28,"name":"Piątkowo Północ"},"geometry":{"type":"MultiPolygon","coordinates":[[[[16.91688,52.4654],[16.91592,52.4656],[16.91592,52.4656],[16.91526,52.46573],[16.91526,52.46573],[16.91459,52.46587],[16.91459,52.46587],[16.9139,52.466],[16.9139,52.466],[16.91305,52.46617],[16.91305,52.46617],[16.91261,52.46625],[16.91261,52.46625],[16.91233,52.46629],[16.91233,52.46629],[16.91198,52.46634],[16.91198,52.46634],[16.9116,52.46637],[16.91126,52.4664],[16.91126,52.4664],[16.91092,52.46642],[16.91092,52.46642],[16.91055,52.46643],[16.91055,52.46643],[16.91025,52.46643],[16.91025,52.46643],[16.91,52.46643],[16.91,52.46643],[16.90988,52.46642],[16.90971,52.46641],[16.9095,52.46641],[16.9095,52.46641],[16.90928,52.46639],[16.90901,52.46637],[16.90877,52.46635],[16.90877,52.46635],[16.90851,52.46632],[16.90829,52.46629],[16.90804,52.46626],[16.90804,52.46626],[16.90784,52.46624],[16.90759,52.46621],[16.90735,52.46618],[16.90707,52.46615],[16.90679,52.46611],[16.9065,52.46608],[16.90626,52.46605],[16.90597,52.46601],[16.90597,52.46601],[16.90572,52.46598],[16.9054,52.46594],[16.90506,52.4659],[16.90469,52.46585],[16.90469,52.46585],[16.90419,52.4658],[16.90378,52.46574],[16.90336,52.46569],[16.90289,52.46563],[16.90241,52.46557],[16.90241,52.46557],[16.9022,52.46555],[16.90166,52.46548],[16.90117,52.46542],[16.90068,52.46536],[16.90063,52.46536],[16.90064,52.46534],[16.90063,52.46521],[16.90059,52.4651],[16.90045,52.4649],[16.90013,52.46448],[16.89896,52.46287],[16.8973,52.46066],[16.89739,52.46063],[16.89913,52.46022],[16.89999,52.46001],[16.90153,52.45964],[16.90169,52.4596],[16.90183,52.45957],[16.90197,52.45954],[16.90211,52.4595],[16.90224,52.45947],[16.90238,52.45943],[16.90252,52.4594],[16.90266,52.45937],[16.9028,52.45934],[16.90293,52.4593],[16.90344,52.45918],[16.90352,52.45916],[16.90365,52.45927],[16.90385,52.45945],[16.90392,52.45959],[16.90392,52.45969],[16.90486,52.45984],[16.90626,52.46],[16.90652,52.46003],[16.90785,52.46016],[16.90865,52.46022],[16.90922,52.46023],[16.90944,52.46023],[16.91248,52.46026],[16.91363,52.46026],[16.91434,52.4603],[16.91461,52.46032],[16.9153,52.46035],[16.917,52.46039],[16.917,52.46066],[16.917,52.46109],[16.917,52.46115],[16.91698,52.46124],[16.91695,52.46141],[16.9169,52.46165],[16.91686,52.46193],[16.91682,52.46214],[16.91679,52.4624],[16.91676,52.46269],[16.91676,52.46298],[16.91675,52.46332],[16.91675,52.46347],[16.91675,52.4637],[16.91675,52.46395],[16.91675,52.46423],[16.91674,52.46439],[16.91675,52.46446],[16.91688,52.4654]]]]}},{"type":"Feature","properties":{"i":29,"name":"Krzesiny-Pokrzywno-Garaszewo"},"geometry":{"type":"MultiPolygon","coordinates":[[[[16.99448,52.35953],[16.99413,52.36053],[16.99312,52.36344],[16.99252,52.36513],[16.99182,52.36717],[16.99161,52.36771],[16.99145,52.36813],[16.99121,52.36852],[16.99094,52.36888],[16.99061,52.3692],[16.99016,52.36959],[16.9867,52.37246],[16.97557,52.36746],[16.97099,52.36544],[16.9708,52.36536],[16.96814,52.36418],[16.96542,52.36361],[16.96456,52.36351],[16.95784,52.36068],[16.95604,52.35989],[16.95454,52.35925],[16.9529,52.35877],[16.95135,52.35858],[16.95002,52.35857],[16.94912,52.35865],[16.94815,52.3588],[16.94686,52.3592],[16.94564,52.35968],[16.94661,52.35903],[16.9526,52.35544],[16.95623,52.35329],[16.95806,52.3522],[16.95944,52.35138],[16.96169,52.35003],[16.96341,52.34899],[16.96629,52.34728],[16.96395,52.34424],[16.96352,52.344],[16.96228,52.34334],[16.96123,52.343],[16.96029,52.34267],[16.95938,52.3425],[16.95532,52.34178],[16.95435,52.3416],[16.95482,52.34143],[16.95575,52.34112],[16.95654,52.34088],[16.9572,52.34068],[16.95756,52.34056],[16.958,52.34041],[16.95834,52.34027],[16.95921,52.33996],[16.95973,52.3398],[16.96015,52.33966],[16.96066,52.33949],[16.96099,52.33938],[16.96142,52.33924],[16.96202,52.33908],[16.96228,52.339],[16.96252,52.33891],[16.96283,52.33877],[16.96312,52.33865],[16.96334,52.33858],[16.96353,52.3385],[16.96383,52.33836],[16.9644,52.33811],[16.96477,52.33797],[16.9652,52.33782],[16.96591,52.33758],[16.96625,52.33747],[16.96663,52.33736],[16.96732,52.33713],[16.96841,52.33677],[16.9687,52.33668],[16.96932,52.33649],[16.96991,52.3363],[16.9703,52.33617],[16.9706,52.33606],[16.97071,52.33601],[16.97112,52.33587],[16.97151,52.33576],[16.97217,52.33557],[16.97277,52.33539],[16.97348,52.33518],[16.97366,52.33513],[16.97386,52.33505],[16.97411,52.33495],[16.9744,52.33485],[16.97486,52.33474],[16.97532,52.33463],[16.97555,52.3346],[16.97598,52.33454],[16.97666,52.33443],[16.97692,52.33434],[16.97748,52.33413],[16.97767,52.33404],[16.97796,52.33392],[16.97828,52.33379],[16.97878,52.3336],[16.97911,52.33347],[16.97925,52.3334],[16.97938,52.33331],[16.97958,52.33313],[16.97977,52.33298],[16.98021,52.33262],[16.9804,52.33251],[16.98063,52.3324],[16.98087,52.3323],[16.9813,52.33215],[16.98136,52.33218],[16.9816,52.33226],[16.98178,52.33232],[16.98202,52.33236],[16.98226,52.33236],[16.98288,52.33218],[16.9856,52.33131],[16.98818,52.33047],[16.98946,52.33006],[16.98961,52.32985],[16.98976,52.32963],[16.98983,52.32945],[16.98989,52.3293],[16.98992,52.32916],[16.98993,52.32902],[16.98992,52.32891],[16.98994,52.32879],[16.98993,52.32866],[16.98992,52.32859],[16.98989,52.32843],[16.98983,52.32824],[16.9898,52.32814],[16.98972,52.32789],[16.98961,52.32763],[16.98946,52.32734],[16.98933,52.32712],[16.98925,52.32698],[16.98937,52.32706],[16.98948,52.32712],[16.98966,52.32722],[16.98994,52.32739],[16.99011,52.32749],[16.99022,52.32756],[16.99031,52.32764],[16.99053,52.32782],[16.99085,52.3281],[16.99117,52.32849],[16.99153,52.32897],[16.99179,52.32937],[16.99186,52.32943],[16.99238,52.32982],[16.9926,52.32994],[16.99277,52.33003],[16.99281,52.33005],[16.99384,52.33061],[16.99386,52.33062],[16.99403,52.33073],[16.99408,52.33076],[16.99408,52.33077],[16.99492,52.33127],[16.99494,52.33128],[16.99535,52.33155],[16.99543,52.33166],[16.99605,52.33225],[16.99622,52.33243],[16.99648,52.33273],[16.99691,52.33328],[16.99774,52.33446],[16.9983,52.33537],[16.99926,52.33677],[16.99927,52.33678],[16.99956,52.33722],[16.99959,52.33726],[16.99961,52.33731],[16.99961,52.33731],[16.99969,52.33727],[17.00088,52.33658],[17.00271,52.33552],[17.00271,52.33552],[17.00326,52.33513],[17.00435,52.33435],[17.00446,52.33427],[17.00471,52.3341],[17.00474,52.33407],[17.00487,52.33394],[17.00498,52.33382],[17.00505,52.33374],[17.00529,52.33295],[17.00545,52.33234],[17.00549,52.33225],[17.00557,52.33203],[17.00559,52.332],[17.00578,52.33181],[17.0061,52.33145],[17.00675,52.33077],[17.0069,52.33063],[17.00691,52.33062],[17.00699,52.33056],[17.00728,52.33131],[17.00736,52.33151],[17.00736,52.33152],[17.00746,52.3317],[17.00748,52.33175],[17.00775,52.33201],[17.00809,52.33233],[17.00829,52.33251],[17.00863,52.33273],[17.00883,52.33286],[17.00913,52.33307],[17.00933,52.33328],[17.00935,52.3333],[17.00955,52.33348],[17.00971,52.33362],[17.01011,52.33392],[17.01032,52.33406],[17.01034,52.33408],[17.01052,52.33421],[17.01069,52.33438],[17.01078,52.33449],[17.01081,52.33463],[17.01081,52.33463],[17.01078,52.33488],[17.01071,52.33533],[17.01074,52.33543],[17.0108,52.3355],[17.011,52.33571],[17.01103,52.33575],[17.00858,52.3366],[17.00735,52.33703],[17.00596,52.33753],[17.00505,52.3379],[17.00429,52.33826],[17.00354,52.3387],[17.00299,52.33907],[17.00237,52.33958],[17.002,52.33991],[17.00165,52.34029],[17.00138,52.34062],[17.00109,52.34102],[17.00091,52.34134],[17.00069,52.34177],[17.00053,52.34215],[17.00004,52.34356],[16.99922,52.3459],[16.99823,52.34877],[16.99719,52.35174],[16.99589,52.35547],[16.99543,52.35681],[16.9949,52.35829],[16.99448,52.35953]]]]}},{"type":"Feature","properties":{"i":30,"name":"Główna"},"geometry":{"type":"MultiPolygon","coordinates":[[[[17.00585,52.44302],[17.00585,52.44302],[17.00594,52.44297],[17.00597,52.44296],[17.00753,52.44228],[17.00765,52.44223],[17.00815,52.44201],[17.00941,52.44146],[17.00997,52.44133],[17.01122,52.44135],[17.01125,52.44135],[17.01125,52.44135],[17.0111,52.44082],[17.01003,52.44],[17.00947,52.43958],[17.0094,52.43952],[17.00861,52.43952],[17.00714,52.43949],[17.00566,52.43949],[17.00288,52.43946],[17.00275,52.43946],[17.00125,52.43944],[17.00079,52.43942],[17.00065,52.43941],[16.99978,52.43937],[16.99836,52.43937],[16.99686,52.43936],[16.99675,52.43935],[16.99613,52.43934],[16.99541,52.43933],[16.9947,52.43938],[16.994,52.43942],[16.99396,52.43929],[16.99375,52.43931],[16.9937,52.43932],[16.99253,52.43944],[16.99229,52.43946],[16.99228,52.43946],[16.99169,52.43953],[16.99108,52.4396],[16.98963,52.43976],[16.98916,52.43982],[16.98795,52.43996],[16.9878,52.44006],[16.98778,52.44007],[16.98754,52.44004],[16.98747,52.44004],[16.98675,52.4401],[16.98528,52.4402],[16.98486,52.44024],[16.98466,52.44026],[16.98461,52.44026],[16.98433,52.44028],[16.98433,52.44028],[16.98382,52.4403],[16.98371,52.44032],[16.98371,52.44032],[16.98244,52.44057],[16.98241,52.44057],[16.98217,52.44062],[16.98176,52.44069],[16.98167,52.4407],[16.98107,52.44081],[16.981,52.44082],[16.98098,52.44082],[16.98086,52.44084],[16.97956,52.44105],[16.97883,52.44114],[16.97833,52.44119],[16.97825,52.4412],[16.97825,52.4412],[16.97822,52.44135],[16.9782,52.44144],[16.9782,52.44144],[16.97806,52.44143],[16.97727,52.44136],[16.97644,52.44151],[16.97643,52.44151],[16.97607,52.4415],[16.97606,52.44132],[16.97603,52.44094],[16.97602,52.44082],[16.97599,52.4407],[16.97595,52.44058],[16.9759,52.44044],[16.97584,52.44037],[16.9757,52.44013],[16.97557,52.43996],[16.97547,52.4398],[16.97535,52.4397],[16.97516,52.43956],[16.97493,52.4394],[16.97473,52.43927],[16.97439,52.43911],[16.97412,52.439],[16.97385,52.43889],[16.97361,52.43882],[16.97339,52.43878],[16.97312,52.43873],[16.97289,52.43869],[16.97263,52.43865],[16.9722,52.43861],[16.97182,52.43859],[16.97144,52.43854],[16.97092,52.4385],[16.97063,52.43847],[16.9703,52.43847],[16.97006,52.43846],[16.96982,52.43844],[16.96961,52.43841],[16.96927,52.43839],[16.96893,52.43835],[16.9686,52.43832],[16.96827,52.43827],[16.96792,52.43818],[16.96762,52.43809],[16.96733,52.43797],[16.96707,52.43787],[16.96686,52.43773],[16.96656,52.43749],[16.96603,52.43691],[16.96571,52.43615],[16.96564,52.43568],[16.96558,52.43516],[16.96556,52.43484],[16.96557,52.43453],[16.96573,52.43409],[16.96587,52.43373],[16.96607,52.43325],[16.96624,52.43297],[16.96636,52.43273],[16.96643,52.4325],[16.96648,52.43232],[16.96639,52.43178],[16.96628,52.43144],[16.96556,52.42995],[16.96513,52.42922],[16.96413,52.42879],[16.96606,52.42144],[16.96564,52.42114],[16.96532,52.42087],[16.96514,52.42072],[16.96509,52.42067],[16.96468,52.42016],[16.96419,52.41944],[16.96627,52.41955],[16.9669,52.41957],[16.96716,52.41959],[16.96735,52.41963],[16.96738,52.41953],[16.96735,52.41936],[16.9673,52.41925],[16.96637,52.41769],[16.96592,52.41694],[16.96579,52.41672],[16.96571,52.4163],[16.96629,52.41649],[16.96814,52.41711],[16.9686,52.41726],[16.96934,52.41749],[16.97042,52.41783],[16.97085,52.41796],[16.97169,52.41822],[16.97231,52.41841],[16.97331,52.41872],[16.9747,52.41915],[16.97619,52.41959],[16.97619,52.41959],[16.97669,52.41973],[16.97695,52.41981],[16.97738,52.41995],[16.97784,52.42009],[16.97867,52.42035],[16.97922,52.42052],[16.97982,52.42071],[16.98047,52.42091],[16.98119,52.42113],[16.98218,52.42144],[16.98328,52.42178],[16.98502,52.42232],[16.98637,52.42274],[16.98849,52.4234],[16.99032,52.42397],[16.99179,52.42442],[16.99245,52.42462],[16.99346,52.42494],[16.99506,52.42544],[16.99544,52.42555],[16.99751,52.42619],[16.99955,52.42683],[17.00057,52.42715],[17.00192,52.42756],[17.00312,52.42794],[17.00455,52.42838],[17.00557,52.42868],[17.00579,52.42874],[17.0063,52.42888],[17.00658,52.42895],[17.00676,52.429],[17.00734,52.42914],[17.0079,52.42926],[17.00858,52.42939],[17.00918,52.42951],[17.01012,52.42968],[17.01056,52.42976],[17.01056,52.42976],[17.0105,52.42986],[17.01042,52.42997],[17.01036,52.43006],[17.01034,52.4301],[17.01034,52.4301],[17.0103,52.43016],[17.01028,52.43019],[17.01025,52.43023],[17.01013,52.43042],[17.00939,52.43154],[17.00939,52.43154],[17.00885,52.43238],[17.00885,52.43238],[17.00878,52.43248],[17.00878,52.43248],[17.00864,52.4325],[17.00854,52.4326],[17.00813,52.43272],[17.00779,52.43264],[17.00745,52.43263],[17.00728,52.43259],[17.0069,52.43253],[17.00687,52.43255],[17.00652,52.43263],[17.00651,52.43264],[17.00651,52.43264],[17.00611,52.43312],[17.00605,52.43318],[17.00605,52.43318],[17.00596,52.43339],[17.0058,52.43381],[17.00579,52.43384],[17.00579,52.43384],[17.00595,52.43386],[17.00615,52.43387],[17.00651,52.43389],[17.00686,52.43391],[17.00718,52.43392],[17.00748,52.43394],[17.00761,52.4338],[17.00763,52.43377],[17.00794,52.43377],[17.00862,52.43376],[17.00944,52.43374],[17.00953,52.43374],[17.01011,52.43373],[17.01035,52.43371],[17.01045,52.43371],[17.01093,52.43368],[17.0118,52.43381],[17.01249,52.43391],[17.01307,52.43395],[17.01317,52.43397],[17.01321,52.43398],[17.01325,52.43398],[17.01339,52.43401],[17.01424,52.43414],[17.01445,52.43422],[17.01481,52.43435],[17.01477,52.43451],[17.01552,52.43467],[17.01565,52.4347],[17.01552,52.4349],[17.01552,52.4349],[17.01565,52.43493],[17.0165,52.43517],[17.01729,52.43539],[17.01924,52.43598],[17.01941,52.43603],[17.01941,52.43603],[17.01963,52.43575],[17.01964,52.43575],[17.01976,52.43577],[17.01991,52.43581],[17.01992,52.43581],[17.02013,52.43574],[17.02043,52.43583],[17.02083,52.43571],[17.02098,52.43595],[17.02112,52.43599],[17.02129,52.43597],[17.02151,52.43599],[17.02151,52.43599],[17.02154,52.43591],[17.02154,52.43591],[17.02156,52.43592],[17.02175,52.43606],[17.0219,52.43616],[17.02199,52.43622],[17.02247,52.43654],[17.02286,52.43681],[17.0233,52.43711],[17.0236,52.43721],[17.0236,52.43721],[17.02364,52.43738],[17.02379,52.4376],[17.02379,52.4376],[17.02406,52.43775],[17.02417,52.43776],[17.02437,52.4377],[17.02459,52.43769],[17.02475,52.43765],[17.02477,52.43765],[17.02491,52.43768],[17.02525,52.4377],[17.02551,52.43773],[17.02581,52.43777],[17.02597,52.43777],[17.02605,52.43778],[17.02604,52.43778],[17.0259,52.43791],[17.02566,52.43813],[17.02566,52.43813],[17.02566,52.43813],[17.02576,52.43817],[17.02592,52.43827],[17.02645,52.43829],[17.02704,52.4384],[17.02727,52.43841],[17.02731,52.43843],[17.02731,52.43863],[17.02717,52.43882],[17.02727,52.43889],[17.02759,52.43886],[17.02759,52.43886],[17.02717,52.439],[17.02709,52.43898],[17.02664,52.43854],[17.0262,52.4387],[17.02613,52.43871],[17.02602,52.43874],[17.02602,52.43874],[17.02597,52.43879],[17.02597,52.43879],[17.02591,52.43876],[17.02532,52.43888],[17.02501,52.43895],[17.02482,52.439],[17.02453,52.43906],[17.02409,52.43917],[17.02409,52.43917],[17.02411,52.4392],[17.02412,52.43924],[17.02416,52.4393],[17.02419,52.43937],[17.0243,52.43941],[17.0243,52.43941],[17.02373,52.43948],[17.02347,52.43951],[17.02344,52.43951],[17.02313,52.43954],[17.02266,52.43958],[17.02252,52.43959],[17.02216,52.4396],[17.02216,52.4396],[17.02248,52.43972],[17.02301,52.43995],[17.0233,52.44007],[17.02352,52.44016],[17.0236,52.44019],[17.02373,52.44024],[17.02395,52.44032],[17.02398,52.44037],[17.02555,52.44125],[17.02554,52.44126],[17.02554,52.44128],[17.025,52.44329],[17.02493,52.44356],[17.02484,52.4439],[17.02482,52.44398],[17.02482,52.44398],[17.02464,52.44397],[17.02451,52.44397],[17.02418,52.44395],[17.02409,52.44395],[17.0239,52.44394],[17.02374,52.44393],[17.02324,52.44391],[17.02324,52.44391],[17.02323,52.44398],[17.02315,52.44431],[17.02302,52.44491],[17.02287,52.44554],[17.02282,52.44577],[17.02282,52.44577],[17.02138,52.44661],[17.02138,52.44661],[17.0213,52.44697],[17.02102,52.4481],[17.02101,52.4481],[17.02045,52.4481],[17.02043,52.4481],[17.02043,52.4481],[17.02008,52.44922],[17.02008,52.44922],[17.01996,52.44924],[17.01977,52.44896],[17.01959,52.44875],[17.01896,52.44833],[17.01838,52.44804],[17.01748,52.44769],[17.01691,52.44753],[17.01516,52.44716],[17.01485,52.44709],[17.01418,52.44694],[17.01282,52.44644],[17.01276,52.44642],[17.01089,52.44566],[17.01012,52.44532],[17.00927,52.44505],[17.00891,52.44494],[17.00843,52.44475],[17.00767,52.44438],[17.00664,52.44385],[17.00658,52.4438],[17.00601,52.44334],[17.00583,52.4432],[17.00569,52.44309],[17.00585,52.44302]]]]}},{"type":"Feature","properties":{"i":31,"name":"Grunwald Północ"},"geometry":{"type":"MultiPolygon","coordinates":[[[[16.88345,52.41033],[16.88199,52.41054],[16.87709,52.41123],[16.87686,52.41127],[16.87502,52.41152],[16.87485,52.41155],[16.87432,52.41162],[16.87322,52.41177],[16.8698,52.41225],[16.86967,52.41227],[16.86964,52.41213],[16.86951,52.41179],[16.8691,52.41071],[16.86838,52.40893],[16.86831,52.40874],[16.8681,52.40823],[16.86807,52.40814],[16.868,52.40788],[16.86788,52.40737],[16.86778,52.40685],[16.8675,52.4057],[16.86726,52.40465],[16.86718,52.40435],[16.8675,52.40427],[16.86783,52.4042],[16.86795,52.40419],[16.86848,52.40413],[16.86894,52.40409],[16.86933,52.40409],[16.86996,52.40411],[16.87091,52.40415],[16.8718,52.40419],[16.87274,52.40423],[16.87315,52.40424],[16.87353,52.40426],[16.87547,52.40433],[16.87547,52.40433],[16.87675,52.40438],[16.87771,52.40441],[16.87798,52.40442],[16.87894,52.40446],[16.87941,52.40447],[16.88018,52.40451],[16.88092,52.40454],[16.88128,52.40456],[16.88133,52.40456],[16.88133,52.40469],[16.88205,52.40657],[16.8824,52.40752],[16.88277,52.40852],[16.88345,52.41033]]]]}},{"type":"Feature","properties":{"i":32,"name":"Krzyżowniki-Smochowice"},"geometry":{"type":"MultiPolygon","coordinates":[[[[16.82597,52.45854],[16.82592,52.45855],[16.82588,52.45857],[16.82577,52.45859],[16.82569,52.45861],[16.8256,52.45863],[16.82549,52.45866],[16.82545,52.45869],[16.82543,52.45873],[16.82539,52.45876],[16.82536,52.45879],[16.82532,52.45881],[16.82526,52.4588],[16.82515,52.45877],[16.82502,52.45873],[16.82486,52.45867],[16.82481,52.45865],[16.82482,52.45861],[16.82487,52.45857],[16.82489,52.45854],[16.82487,52.45851],[16.82483,52.45852],[16.82474,52.45854],[16.82465,52.45856],[16.82457,52.45856],[16.82452,52.45853],[16.82447,52.45848],[16.82439,52.45842],[16.82437,52.45839],[16.82434,52.45833],[16.82433,52.45827],[16.82429,52.45813],[16.8243,52.45806],[16.82431,52.45801],[16.82428,52.45799],[16.82424,52.45797],[16.8242,52.45794],[16.82414,52.45788],[16.82408,52.45783],[16.82401,52.45779],[16.82393,52.45773],[16.82386,52.4577],[16.82385,52.45769],[16.82387,52.45767],[16.82388,52.45763],[16.82389,52.4576],[16.82391,52.45755],[16.82394,52.45752],[16.82399,52.4575],[16.82404,52.45746],[16.82404,52.45744],[16.82407,52.45743],[16.82412,52.45743],[16.82415,52.4574],[16.82417,52.45739],[16.82419,52.4574],[16.82419,52.45742],[16.82421,52.45743],[16.82424,52.45743],[16.82427,52.45742],[16.82431,52.45739],[16.82434,52.45735],[16.82434,52.45733],[16.82438,52.45731],[16.82445,52.4573],[16.82467,52.45718],[16.8248,52.45712],[16.82487,52.45707],[16.82508,52.45688],[16.82514,52.45687],[16.82518,52.45687],[16.82528,52.45679],[16.82542,52.45666],[16.82553,52.45657],[16.82585,52.45636],[16.8261,52.45617],[16.82616,52.45611],[16.82609,52.456],[16.82583,52.45626],[16.82539,52.45658],[16.8253,52.45667],[16.82524,52.45668],[16.82519,52.45669],[16.8249,52.45653],[16.82484,52.45653],[16.82481,52.45654],[16.82477,52.45657],[16.82471,52.45662],[16.82463,52.45667],[16.82459,52.4567],[16.82457,52.45674],[16.82444,52.45683],[16.82441,52.45687],[16.82435,52.45696],[16.82432,52.45702],[16.82427,52.45707],[16.8242,52.4571],[16.82417,52.45713],[16.82419,52.45717],[16.82419,52.45719],[16.82417,52.45722],[16.82413,52.45724],[16.8241,52.45726],[16.82407,52.45728],[16.82405,52.45732],[16.82401,52.45734],[16.82396,52.45737],[16.82391,52.4574],[16.82385,52.45743],[16.82381,52.45746],[16.82382,52.45748],[16.82382,52.4575],[16.82381,52.45753],[16.82379,52.45756],[16.82379,52.45758],[16.82379,52.4576],[16.82377,52.45762],[16.82376,52.45764],[16.82373,52.45765],[16.82366,52.45765],[16.82359,52.45765],[16.82351,52.45766],[16.82342,52.45769],[16.82333,52.45772],[16.82324,52.45776],[16.82315,52.45778],[16.82314,52.45776],[16.82314,52.45773],[16.8231,52.45774],[16.823,52.45777],[16.82296,52.4578],[16.8229,52.45783],[16.82284,52.45788],[16.82277,52.45792],[16.82271,52.45795],[16.82266,52.45798],[16.82259,52.45801],[16.82253,52.45804],[16.82248,52.45808],[16.82246,52.45812],[16.81892,52.45749],[16.81889,52.45748],[16.81503,52.4568],[16.81224,52.4563],[16.81044,52.45598],[16.8088,52.45569],[16.80599,52.4552],[16.80468,52.45497],[16.80332,52.45472],[16.80203,52.4545],[16.80119,52.45438],[16.80112,52.45437],[16.80081,52.45431],[16.79675,52.45369],[16.78809,52.45235],[16.7881,52.45235],[16.78809,52.45235],[16.78825,52.45204],[16.78852,52.45152],[16.78879,52.45099],[16.78905,52.45047],[16.78937,52.44986],[16.78966,52.4493],[16.7898,52.44902],[16.78989,52.44884],[16.79012,52.44837],[16.79024,52.44815],[16.79041,52.44782],[16.78948,52.44761],[16.78835,52.44737],[16.78791,52.44728],[16.78628,52.44692],[16.78642,52.44686],[16.78687,52.44664],[16.78888,52.44569],[16.78899,52.44564],[16.78901,52.44562],[16.78909,52.44559],[16.78958,52.44536],[16.7897,52.4453],[16.79003,52.44515],[16.79048,52.44485],[16.79081,52.44452],[16.79081,52.44452],[16.79218,52.44488],[16.79218,52.44488],[16.79222,52.44479],[16.79237,52.44439],[16.79273,52.44348],[16.79295,52.44315],[16.79347,52.44258],[16.79349,52.44255],[16.79356,52.44248],[16.79356,52.44248],[16.7938,52.44258],[16.7938,52.44258],[16.79394,52.44246],[16.79404,52.44236],[16.79401,52.44231],[16.79379,52.44223],[16.79388,52.44214],[16.79417,52.44198],[16.79417,52.44198],[16.79439,52.44204],[16.79447,52.44202],[16.79454,52.44191],[16.7946,52.4418],[16.79467,52.44168],[16.79473,52.44158],[16.79477,52.44153],[16.79477,52.44153],[16.79485,52.44154],[16.79485,52.44154],[16.79578,52.44093],[16.79592,52.44086],[16.796,52.44081],[16.79668,52.44034],[16.79747,52.43988],[16.79825,52.43942],[16.79845,52.43926],[16.79866,52.4391],[16.79886,52.43894],[16.79898,52.43885],[16.79905,52.43878],[16.7991,52.43874],[16.7994,52.43849],[16.80001,52.438],[16.8001,52.43792],[16.80033,52.43773],[16.80035,52.43772],[16.8006,52.43754],[16.80071,52.43742],[16.80079,52.43735],[16.80084,52.43726],[16.8009,52.4367],[16.80081,52.43622],[16.8008,52.43616],[16.80079,52.43613],[16.80075,52.43599],[16.80071,52.43593],[16.80064,52.43581],[16.80061,52.43577],[16.80056,52.43568],[16.80044,52.43549],[16.80044,52.43548],[16.80042,52.43546],[16.8004,52.43542],[16.80046,52.43534],[16.8008,52.43488],[16.80087,52.43478],[16.80087,52.43478],[16.80066,52.43483],[16.79958,52.4351],[16.7993,52.43514],[16.79901,52.43519],[16.79872,52.43524],[16.7987,52.43524],[16.7986,52.43526],[16.79854,52.43527],[16.79854,52.43527],[16.7986,52.43514],[16.79868,52.43497],[16.79885,52.43463],[16.79899,52.4344],[16.79914,52.43416],[16.79931,52.4339],[16.79938,52.4338],[16.79941,52.43375],[16.79942,52.43373],[16.79945,52.43368],[16.79952,52.43356],[16.79955,52.4335],[16.79972,52.43319],[16.79976,52.43311],[16.79983,52.43298],[16.79999,52.43268],[16.80008,52.43249],[16.80037,52.43188],[16.80043,52.43174],[16.80076,52.43097],[16.80124,52.42984],[16.80136,52.42932],[16.80143,52.42905],[16.80159,52.42842],[16.80183,52.42737],[16.80192,52.42699],[16.80207,52.42625],[16.8022,52.42556],[16.8022,52.42556],[16.80762,52.42569],[16.8084,52.42574],[16.80901,52.42579],[16.80908,52.42579],[16.80895,52.42646],[16.80947,52.42649],[16.81132,52.4266],[16.81235,52.42666],[16.81293,52.4267],[16.81354,52.42673],[16.81499,52.42682],[16.81605,52.42683],[16.81619,52.42684],[16.8163,52.42684],[16.81682,52.42685],[16.81714,52.42686],[16.81733,52.42686],[16.81777,52.42688],[16.81787,52.42689],[16.81833,52.42697],[16.81836,52.42698],[16.81882,52.42705],[16.81896,52.42708],[16.81921,52.42709],[16.8196,52.42711],[16.81989,52.42712],[16.82003,52.42716],[16.82022,52.4271],[16.8204,52.42711],[16.82059,52.42712],[16.82069,52.42712],[16.82077,52.42712],[16.82096,52.42712],[16.82109,52.42713],[16.82132,52.42713],[16.82151,52.42713],[16.82169,52.42714],[16.82187,52.42714],[16.82193,52.42714],[16.82206,52.42714],[16.82216,52.42715],[16.82224,52.42715],[16.82238,52.42715],[16.82243,52.42715],[16.82261,52.42715],[16.82279,52.42715],[16.82282,52.42715],[16.82298,52.42715],[16.82316,52.42715],[16.82325,52.42715],[16.82326,52.42715],[16.82335,52.42715],[16.82353,52.42714],[16.82371,52.42713],[16.82381,52.42713],[16.8239,52.42713],[16.82394,52.42712],[16.82462,52.42711],[16.82508,52.42711],[16.82535,52.42711],[16.82554,52.42711],[16.82579,52.42711],[16.82588,52.42711],[16.82601,52.42712],[16.8261,52.42712],[16.82621,52.42712],[16.82642,52.42712],[16.82674,52.42711],[16.82704,52.42711],[16.82717,52.42711],[16.82726,52.42711],[16.82737,52.42711],[16.82866,52.42708],[16.82924,52.42705],[16.82947,52.42704],[16.83113,52.42696],[16.83148,52.42694],[16.83167,52.42693],[16.83204,52.42691],[16.83223,52.42691],[16.83249,52.42691],[16.8328,52.42692],[16.83302,52.42694],[16.8333,52.42694],[16.83336,52.42694],[16.8339,52.42694],[16.83396,52.42694],[16.83408,52.42694],[16.83447,52.42694],[16.83597,52.42734],[16.83626,52.42742],[16.83817,52.42793],[16.83852,52.42772],[16.83881,52.42755],[16.83882,52.42754],[16.83886,52.42733],[16.83883,52.42681],[16.83967,52.42667],[16.84108,52.4264],[16.84197,52.4262],[16.84204,52.42618],[16.84211,52.42616],[16.84294,52.42725],[16.84351,52.428],[16.84353,52.42803],[16.84445,52.42924],[16.84487,52.42985],[16.84508,52.43014],[16.84517,52.43033],[16.84593,52.43036],[16.84641,52.4304],[16.84681,52.43045],[16.84751,52.4306],[16.848,52.43076],[16.85018,52.43182],[16.85157,52.4325],[16.85244,52.43293],[16.85323,52.43332],[16.85488,52.43411],[16.85588,52.43459],[16.85756,52.4354],[16.8576,52.43542],[16.85758,52.43561],[16.85682,52.43595],[16.85645,52.43619],[16.85611,52.43636],[16.85566,52.43659],[16.85543,52.43672],[16.85539,52.43681],[16.85524,52.43686],[16.85513,52.4369],[16.85487,52.43704],[16.85424,52.43743],[16.85416,52.43741],[16.85391,52.43742],[16.85295,52.43784],[16.85179,52.43827],[16.85034,52.43871],[16.85015,52.43877],[16.84951,52.43923],[16.84956,52.43933],[16.84946,52.43956],[16.84934,52.43996],[16.84934,52.43998],[16.8491,52.44003],[16.84811,52.44019],[16.84784,52.44021],[16.84743,52.44029],[16.84705,52.44042],[16.84686,52.44047],[16.84656,52.44052],[16.84648,52.44053],[16.84529,52.4405],[16.84526,52.44054],[16.84511,52.44049],[16.84503,52.44049],[16.8449,52.44051],[16.84451,52.44061],[16.84408,52.44076],[16.84383,52.44091],[16.84375,52.44107],[16.84373,52.44118],[16.8437,52.44126],[16.84354,52.4414],[16.8435,52.44153],[16.84347,52.44168],[16.8435,52.4418],[16.84353,52.44215],[16.84355,52.44222],[16.84354,52.44233],[16.84356,52.44241],[16.8436,52.44248],[16.84363,52.44269],[16.84346,52.44313],[16.84334,52.44369],[16.84308,52.44428],[16.84308,52.44444],[16.84301,52.44448],[16.84266,52.44467],[16.84244,52.44489],[16.84221,52.4451],[16.84178,52.44544],[16.8417,52.44554],[16.84135,52.44591],[16.84134,52.44597],[16.84133,52.44616],[16.84127,52.44625],[16.84116,52.44644],[16.84096,52.44665],[16.84094,52.44667],[16.84058,52.44692],[16.84031,52.44708],[16.84016,52.44722],[16.84003,52.44732],[16.83997,52.4474],[16.83995,52.44758],[16.83992,52.44765],[16.83981,52.44772],[16.83961,52.44786],[16.83942,52.44798],[16.83923,52.44808],[16.83919,52.44811],[16.83909,52.44816],[16.83892,52.44831],[16.83882,52.44836],[16.83855,52.44853],[16.83822,52.44856],[16.83774,52.44877],[16.83733,52.44895],[16.83716,52.44904],[16.837,52.44918],[16.83688,52.4494],[16.83692,52.44955],[16.83707,52.44963],[16.8369,52.44978],[16.83609,52.45034],[16.8342,52.45133],[16.83315,52.45177],[16.8325,52.45221],[16.83131,52.45323],[16.83113,52.45331],[16.83075,52.45366],[16.83038,52.45453],[16.83033,52.45475],[16.83036,52.45501],[16.83045,52.45527],[16.83063,52.45546],[16.83075,52.45554],[16.83077,52.45564],[16.83078,52.45607],[16.83078,52.45633],[16.83066,52.45678],[16.83065,52.45688],[16.83057,52.45715],[16.83038,52.45754],[16.83035,52.4575],[16.83029,52.45747],[16.83024,52.45743],[16.83019,52.45741],[16.83011,52.4574],[16.83005,52.45741],[16.83003,52.45742],[16.82994,52.45744],[16.82991,52.45742],[16.82985,52.4574],[16.82978,52.45736],[16.82973,52.45732],[16.82965,52.4573],[16.82955,52.45728],[16.82945,52.45729],[16.82941,52.45731],[16.82935,52.45733],[16.82929,52.45733],[16.82918,52.45733],[16.82913,52.45734],[16.82906,52.45737],[16.82899,52.45739],[16.82893,52.4574],[16.82885,52.45739],[16.82875,52.45739],[16.8287,52.4574],[16.82865,52.45745],[16.82857,52.45748],[16.8285,52.4575],[16.8284,52.45752],[16.82835,52.45754],[16.82826,52.45756],[16.82816,52.45759],[16.82805,52.45766],[16.82794,52.45768],[16.82786,52.45772],[16.82781,52.45775],[16.82776,52.45779],[16.82772,52.45781],[16.82768,52.45783],[16.82763,52.45785],[16.82754,52.45789],[16.82748,52.45792],[16.82745,52.45793],[16.82745,52.45796],[16.82748,52.45798],[16.82745,52.45801],[16.8274,52.45803],[16.82737,52.45805],[16.82732,52.45807],[16.82729,52.45809],[16.82726,52.45812],[16.82722,52.45813],[16.82719,52.45813],[16.82715,52.45813],[16.82713,52.45815],[16.82712,52.45817],[16.82711,52.45819],[16.82707,52.45822],[16.82704,52.45825],[16.82701,52.45827],[16.82697,52.45828],[16.82691,52.45831],[16.82684,52.45832],[16.82681,52.45834],[16.82676,52.45836],[16.82672,52.45838],[16.82666,52.4584],[16.82658,52.45843],[16.82651,52.45845],[16.82647,52.45847],[16.82644,52.45846],[16.8264,52.45846],[16.82635,52.45844],[16.82627,52.45842],[16.82624,52.45842],[16.82623,52.45844],[16.82621,52.45845],[16.82617,52.45848],[16.82607,52.4585],[16.82598,52.45852],[16.82597,52.45854]]]]}},{"type":"Feature","properties":{"i":33,"name":"Kwiatowe"},"geometry":{"type":"MultiPolygon","coordinates":[[[[16.81322,52.389],[16.8126,52.38949],[16.81198,52.38999],[16.81138,52.39048],[16.81107,52.39073],[16.81098,52.39068],[16.81098,52.39068],[16.81079,52.39059],[16.81079,52.39059],[16.81056,52.39048],[16.81056,52.39048],[16.81033,52.39037],[16.81033,52.39037],[16.8101,52.39026],[16.8101,52.39026],[16.80987,52.39015],[16.80987,52.39015],[16.80964,52.39003],[16.80964,52.39003],[16.80962,52.39002],[16.80941,52.38992],[16.80941,52.38992],[16.80918,52.38981],[16.80918,52.38981],[16.80905,52.38975],[16.80905,52.38975],[16.80895,52.3897],[16.80895,52.3897],[16.80872,52.38959],[16.80872,52.38959],[16.8086,52.38954],[16.8086,52.38954],[16.80837,52.38942],[16.80837,52.38942],[16.80814,52.38931],[16.80814,52.38931],[16.80791,52.3892],[16.80791,52.3892],[16.80768,52.38909],[16.80768,52.38909],[16.80745,52.38898],[16.80745,52.38898],[16.80721,52.38887],[16.80721,52.38887],[16.80702,52.38878],[16.80702,52.38878],[16.80698,52.38876],[16.80698,52.38876],[16.80691,52.38872],[16.80691,52.38872],[16.80675,52.38864],[16.80652,52.38853],[16.80652,52.38853],[16.80629,52.38842],[16.80629,52.38842],[16.80606,52.38831],[16.80606,52.38831],[16.80583,52.3882],[16.80583,52.3882],[16.80566,52.38812],[16.80566,52.38812],[16.80561,52.38809],[16.80546,52.38802],[16.80546,52.38802],[16.80541,52.388],[16.80539,52.38799],[16.80568,52.38783],[16.80573,52.38781],[16.80574,52.3878],[16.80578,52.38778],[16.80588,52.38773],[16.80612,52.38759],[16.80616,52.38757],[16.8062,52.38755],[16.80647,52.3874],[16.80655,52.38736],[16.80663,52.38732],[16.80684,52.3872],[16.80709,52.38707],[16.80733,52.38694],[16.80756,52.38681],[16.80772,52.38673],[16.80779,52.38669],[16.80801,52.38657],[16.80805,52.38655],[16.80811,52.38652],[16.80814,52.3865],[16.80817,52.38649],[16.80834,52.38639],[16.80841,52.38636],[16.80847,52.38632],[16.80857,52.38627],[16.80886,52.38611],[16.80886,52.38611],[16.80883,52.3861],[16.80876,52.38606],[16.80875,52.38606],[16.80872,52.38604],[16.80842,52.38589],[16.80827,52.38582],[16.80807,52.38572],[16.80802,52.38569],[16.80784,52.38561],[16.80773,52.38555],[16.80756,52.38547],[16.80756,52.38547],[16.80739,52.38538],[16.80739,52.38538],[16.80722,52.38529],[16.80722,52.38529],[16.80705,52.38521],[16.80702,52.3852],[16.80676,52.38506],[16.80662,52.385],[16.80628,52.38483],[16.80594,52.38466],[16.8056,52.38449],[16.80538,52.38438],[16.80534,52.38436],[16.8053,52.38434],[16.80494,52.38416],[16.80471,52.38405],[16.80437,52.38387],[16.80406,52.38372],[16.80375,52.38357],[16.80345,52.38341],[16.80314,52.38326],[16.80311,52.38325],[16.80311,52.38325],[16.80283,52.38311],[16.80258,52.38298],[16.80233,52.38286],[16.80222,52.3828],[16.80191,52.38265],[16.80175,52.38257],[16.80158,52.38248],[16.80148,52.38243],[16.80125,52.38232],[16.80092,52.38215],[16.8009,52.38215],[16.8006,52.38199],[16.80027,52.38183],[16.79982,52.3816],[16.79937,52.38137],[16.79937,52.38137],[16.79937,52.38137],[16.79923,52.3813],[16.79921,52.3813],[16.79921,52.3813],[16.79907,52.38122],[16.7987,52.38104],[16.7984,52.38089],[16.79801,52.38069],[16.798,52.38069],[16.79722,52.38028],[16.79574,52.37957],[16.79446,52.37893],[16.79446,52.37893],[16.79441,52.3789],[16.79394,52.37867],[16.79219,52.37779],[16.79172,52.37755],[16.79157,52.37748],[16.79016,52.37677],[16.79016,52.37677],[16.78997,52.37667],[16.7897,52.37654],[16.78939,52.37644],[16.78939,52.37644],[16.78947,52.3764],[16.79024,52.37643],[16.79026,52.37643],[16.79172,52.37648],[16.79213,52.3765],[16.79214,52.3765],[16.79308,52.37654],[16.79434,52.37659],[16.79601,52.37666],[16.79726,52.37671],[16.79837,52.37676],[16.7994,52.3768],[16.7994,52.3768],[16.79948,52.37693],[16.79948,52.37693],[16.80102,52.37701],[16.80115,52.37707],[16.80117,52.377],[16.8012,52.37694],[16.80493,52.37726],[16.80576,52.37733],[16.80691,52.37737],[16.80809,52.37741],[16.80809,52.37741],[16.80812,52.37722],[16.80975,52.37727],[16.80976,52.37727],[16.8107,52.37731],[16.81223,52.37743],[16.81258,52.37745],[16.81375,52.37752],[16.81494,52.37759],[16.81587,52.37765],[16.81707,52.37771],[16.81762,52.37805],[16.81763,52.37806],[16.81768,52.37809],[16.81779,52.37803],[16.81802,52.37794],[16.81824,52.37785],[16.81835,52.3778],[16.81849,52.37777],[16.81872,52.37772],[16.81931,52.37774],[16.81937,52.37778],[16.81937,52.37778],[16.82085,52.37785],[16.82145,52.37782],[16.82165,52.37783],[16.8224,52.37786],[16.82315,52.37788],[16.8235,52.37814],[16.8235,52.37814],[16.82392,52.37792],[16.82398,52.37788],[16.82403,52.37788],[16.82513,52.37793],[16.82533,52.37805],[16.82574,52.37806],[16.82581,52.37801],[16.8259,52.37808],[16.82651,52.37851],[16.82719,52.37897],[16.8278,52.37938],[16.82918,52.38035],[16.82996,52.3809],[16.8306,52.38133],[16.83164,52.38206],[16.83225,52.38247],[16.83244,52.38257],[16.83316,52.38278],[16.83312,52.38288],[16.83283,52.38327],[16.83168,52.38425],[16.8305,52.38527],[16.83041,52.38535],[16.82968,52.38556],[16.82703,52.38634],[16.82533,52.38632],[16.82515,52.38632],[16.82481,52.38632],[16.82285,52.38631],[16.82103,52.38629],[16.81917,52.38703],[16.81865,52.38723],[16.81825,52.38739],[16.81814,52.38746],[16.81758,52.38784],[16.81707,52.38819],[16.81734,52.38837],[16.8181,52.38891],[16.81849,52.38927],[16.81907,52.38978],[16.8181,52.38956],[16.81693,52.38938],[16.81592,52.38934],[16.81547,52.38925],[16.81469,52.38909],[16.81338,52.38892],[16.81322,52.389]]]]}},{"type":"Feature","properties":{"i":34,"name":"Piątkowo"},"geometry":{"type":"MultiPolygon","coordinates":[[[[16.90045,52.4649],[16.90059,52.4651],[16.90063,52.46521],[16.90064,52.46534],[16.90063,52.46536],[16.90055,52.46534],[16.9,52.46528],[16.89933,52.4652],[16.89871,52.46512],[16.89809,52.46504],[16.89743,52.46496],[16.89687,52.46489],[16.89635,52.46483],[16.89589,52.46478],[16.89559,52.46475],[16.89616,52.46523],[16.89616,52.46523],[16.89601,52.46521],[16.89592,52.46519],[16.89592,52.46519],[16.89526,52.46513],[16.89456,52.46507],[16.89456,52.46507],[16.89385,52.46502],[16.89341,52.46501],[16.89315,52.465],[16.89283,52.465],[16.89282,52.465],[16.8923,52.46499],[16.8923,52.46499],[16.89206,52.46495],[16.89205,52.46495],[16.89205,52.46495],[16.89158,52.46497],[16.89158,52.46497],[16.89128,52.46496],[16.89111,52.46487],[16.89104,52.46484],[16.89097,52.4648],[16.89085,52.46474],[16.89084,52.46473],[16.89083,52.46473],[16.89047,52.46474],[16.88939,52.46475],[16.88909,52.46475],[16.88871,52.46476],[16.88869,52.46476],[16.88864,52.46481],[16.88847,52.46481],[16.88847,52.46481],[16.88847,52.46481],[16.88967,52.46378],[16.89002,52.46347],[16.89067,52.46292],[16.8918,52.46193],[16.89398,52.46006],[16.89569,52.45852],[16.8959,52.45831],[16.89867,52.45572],[16.89921,52.45526],[16.89952,52.45502],[16.90022,52.45458],[16.90048,52.45441],[16.90098,52.4541],[16.90161,52.45367],[16.90181,52.45353],[16.90245,52.45299],[16.90319,52.45241],[16.90367,52.45202],[16.90396,52.45175],[16.90431,52.4515],[16.90431,52.45149],[16.90481,52.4511],[16.90545,52.45059],[16.90585,52.45025],[16.90626,52.44978],[16.90671,52.44908],[16.9068,52.44896],[16.9073,52.44819],[16.90732,52.44816],[16.90749,52.44788],[16.90801,52.44677],[16.90809,52.4465],[16.90831,52.44589],[16.90848,52.44544],[16.90875,52.44466],[16.909,52.44397],[16.90923,52.44332],[16.90928,52.44318],[16.91019,52.4432],[16.91138,52.44313],[16.91295,52.44301],[16.91677,52.44292],[16.91729,52.44288],[16.91769,52.44284],[16.91852,52.44273],[16.91998,52.44276],[16.92234,52.44282],[16.92349,52.44308],[16.92742,52.44322],[16.92904,52.44327],[16.92884,52.44372],[16.92831,52.44495],[16.92828,52.44503],[16.92813,52.44547],[16.92794,52.44606],[16.92778,52.44654],[16.9275,52.44771],[16.92733,52.44858],[16.92729,52.44889],[16.92727,52.44926],[16.92726,52.44968],[16.92729,52.44991],[16.92739,52.45084],[16.92749,52.45194],[16.9275,52.45212],[16.92758,52.45307],[16.92759,52.45369],[16.92756,52.45508],[16.9275,52.4576],[16.92776,52.45888],[16.92796,52.45937],[16.92817,52.45972],[16.92823,52.4598],[16.92869,52.46043],[16.92882,52.4606],[16.92948,52.46149],[16.92951,52.46153],[16.92961,52.46163],[16.92995,52.46188],[16.93016,52.46206],[16.93038,52.4623],[16.93056,52.46256],[16.93058,52.46264],[16.93018,52.46272],[16.92963,52.46283],[16.92859,52.46304],[16.92783,52.46319],[16.92698,52.46337],[16.92609,52.46355],[16.92507,52.46375],[16.92406,52.46395],[16.92354,52.46406],[16.92268,52.46424],[16.92182,52.46441],[16.92117,52.46454],[16.92055,52.46466],[16.91986,52.4648],[16.91911,52.46495],[16.91828,52.46512],[16.91773,52.46523],[16.91688,52.4654],[16.91688,52.4654],[16.91675,52.46446],[16.91674,52.46439],[16.91675,52.46423],[16.91675,52.46395],[16.91675,52.4637],[16.91675,52.46347],[16.91675,52.46332],[16.91676,52.46298],[16.91676,52.46269],[16.91679,52.4624],[16.91682,52.46214],[16.91686,52.46193],[16.9169,52.46165],[16.91695,52.46141],[16.91698,52.46124],[16.917,52.46115],[16.917,52.46109],[16.917,52.46066],[16.917,52.46039],[16.9153,52.46035],[16.91461,52.46032],[16.91434,52.4603],[16.91363,52.46026],[16.91248,52.46026],[16.90944,52.46023],[16.90922,52.46023],[16.90865,52.46022],[16.90785,52.46016],[16.90652,52.46003],[16.90626,52.46],[16.90486,52.45984],[16.90392,52.45969],[16.90392,52.45959],[16.90385,52.45945],[16.90365,52.45927],[16.90352,52.45916],[16.90344,52.45918],[16.90293,52.4593],[16.9028,52.45934],[16.90266,52.45937],[16.90252,52.4594],[16.90238,52.45943],[16.90224,52.45947],[16.90211,52.4595],[16.90197,52.45954],[16.90183,52.45957],[16.90169,52.4596],[16.90153,52.45964],[16.89999,52.46001],[16.89913,52.46022],[16.89739,52.46063],[16.8973,52.46066],[16.89896,52.46287],[16.90013,52.46448],[16.90045,52.4649]]]]}},{"type":"Feature","properties":{"i":35,"name":"Wilda"},"geometry":{"type":"MultiPolygon","coordinates":[[[[16.92814,52.36813],[16.92917,52.36934],[16.93034,52.37114],[16.93188,52.37347],[16.93286,52.37468],[16.93382,52.37635],[16.93463,52.37788],[16.9354,52.38],[16.93596,52.38184],[16.93623,52.38402],[16.93673,52.38574],[16.93784,52.38806],[16.9388,52.38997],[16.93926,52.39152],[16.93961,52.39339],[16.93959,52.39599],[16.93975,52.3966],[16.9405,52.39812],[16.93999,52.39825],[16.93711,52.39889],[16.93563,52.39908],[16.93533,52.39912],[16.93359,52.39932],[16.93301,52.39938],[16.9303,52.39969],[16.92761,52.4],[16.92744,52.40002],[16.92589,52.4002],[16.92557,52.40023],[16.92514,52.40029],[16.92474,52.40039],[16.92441,52.40049],[16.92412,52.40062],[16.92369,52.40085],[16.92308,52.40122],[16.92299,52.40127],[16.92291,52.40131],[16.92264,52.40142],[16.92234,52.40152],[16.92172,52.40163],[16.91819,52.40235],[16.91693,52.4026],[16.91668,52.40266],[16.91538,52.40295],[16.9143,52.40313],[16.91215,52.4034],[16.91156,52.40347],[16.91152,52.40329],[16.91145,52.40306],[16.91144,52.40303],[16.91142,52.40298],[16.91128,52.40254],[16.9111,52.40201],[16.91093,52.40149],[16.91028,52.39955],[16.91018,52.39924],[16.90995,52.39856],[16.90985,52.3983],[16.90984,52.39823],[16.90969,52.39779],[16.90962,52.3976],[16.90958,52.39749],[16.90954,52.39738],[16.90942,52.39712],[16.90928,52.39679],[16.90913,52.39645],[16.90899,52.39613],[16.90887,52.39585],[16.90879,52.39568],[16.90868,52.39543],[16.90867,52.3954],[16.90839,52.39475],[16.90822,52.39437],[16.90815,52.3942],[16.90806,52.394],[16.90794,52.39372],[16.90791,52.39365],[16.90783,52.39348],[16.90765,52.39305],[16.90756,52.39285],[16.90748,52.39266],[16.90738,52.39244],[16.90729,52.39223],[16.90722,52.39207],[16.90713,52.39186],[16.90703,52.39164],[16.90692,52.39137],[16.90683,52.39115],[16.90677,52.39097],[16.90675,52.3909],[16.90673,52.39081],[16.90671,52.39072],[16.90668,52.3906],[16.90667,52.39048],[16.90665,52.39037],[16.90665,52.39029],[16.90664,52.39018],[16.90664,52.39008],[16.90664,52.38994],[16.90664,52.3898],[16.90664,52.38964],[16.90665,52.38952],[16.90666,52.38931],[16.90667,52.38897],[16.90668,52.38875],[16.90668,52.38852],[16.90668,52.38838],[16.90667,52.38806],[16.90665,52.3878],[16.90662,52.38759],[16.9066,52.3874],[16.90657,52.38718],[16.90654,52.38693],[16.90651,52.3867],[16.90648,52.38644],[16.90648,52.38639],[16.90643,52.38609],[16.90638,52.38583],[16.90634,52.38569],[16.90628,52.38551],[16.90622,52.38531],[16.90613,52.3851],[16.90604,52.3849],[16.90594,52.38466],[16.90583,52.38443],[16.90577,52.38431],[16.90567,52.38407],[16.90555,52.38381],[16.90545,52.38361],[16.90544,52.38358],[16.90541,52.38352],[16.90529,52.38326],[16.90516,52.38296],[16.90497,52.38256],[16.90479,52.38217],[16.90466,52.38189],[16.90456,52.38169],[16.90441,52.38141],[16.90433,52.38128],[16.90423,52.3811],[16.90404,52.38077],[16.90398,52.38069],[16.90323,52.37944],[16.90304,52.37911],[16.90293,52.37889],[16.90286,52.37868],[16.90279,52.37849],[16.90273,52.37818],[16.90269,52.37784],[16.90268,52.37778],[16.90268,52.37763],[16.90269,52.37747],[16.9027,52.37731],[16.90273,52.37714],[16.90276,52.37697],[16.9028,52.3768],[16.90285,52.3766],[16.9029,52.37642],[16.90294,52.37626],[16.90298,52.3761],[16.90302,52.37597],[16.90306,52.37579],[16.9031,52.37562],[16.90314,52.3753],[16.90315,52.37514],[16.90316,52.375],[16.90316,52.37485],[16.90316,52.37472],[16.90315,52.37465],[16.90349,52.37459],[16.90382,52.37449],[16.90405,52.37443],[16.90432,52.37435],[16.9047,52.37425],[16.90479,52.37422],[16.90498,52.37417],[16.90561,52.37399],[16.90649,52.37374],[16.90718,52.37354],[16.90921,52.37297],[16.91162,52.37242],[16.9122,52.37229],[16.91276,52.37216],[16.91343,52.37201],[16.91387,52.37191],[16.91434,52.37181],[16.91474,52.37171],[16.91498,52.37164],[16.91541,52.3715],[16.91591,52.37136],[16.91657,52.37116],[16.91713,52.37098],[16.91785,52.37078],[16.91851,52.37061],[16.91934,52.37039],[16.92005,52.37021],[16.92108,52.36995],[16.92171,52.36978],[16.92245,52.36958],[16.9231,52.36941],[16.92443,52.36906],[16.92544,52.3688],[16.92647,52.36854],[16.92812,52.36811],[16.92814,52.36813]]]]}},{"type":"Feature","properties":{"i":36,"name":"Fabianowo-Kotowo"},"geometry":{"type":"MultiPolygon","coordinates":[[[[16.85011,52.37851],[16.85005,52.37859],[16.84999,52.37861],[16.84995,52.37864],[16.84992,52.3787],[16.84993,52.37875],[16.84992,52.37892],[16.84957,52.3773],[16.84929,52.37646],[16.84868,52.37669],[16.84869,52.37675],[16.84874,52.37684],[16.84695,52.37735],[16.84598,52.37763],[16.84574,52.37768],[16.84543,52.37729],[16.8452,52.37701],[16.84511,52.37691],[16.84439,52.37631],[16.84347,52.37553],[16.84333,52.37537],[16.84331,52.37513],[16.84332,52.37503],[16.84307,52.37352],[16.84319,52.37351],[16.84392,52.37347],[16.84388,52.37325],[16.84315,52.3733],[16.83958,52.3753],[16.83958,52.37541],[16.83957,52.37552],[16.83955,52.37562],[16.83952,52.3757],[16.83948,52.37581],[16.83943,52.3759],[16.83939,52.37595],[16.83935,52.37602],[16.83933,52.37607],[16.83928,52.37613],[16.83923,52.37618],[16.83915,52.37628],[16.83907,52.37637],[16.83896,52.37648],[16.83885,52.37658],[16.83875,52.37667],[16.83864,52.37678],[16.83856,52.37685],[16.83844,52.37696],[16.83832,52.37707],[16.83824,52.37714],[16.83817,52.37719],[16.83813,52.37722],[16.83788,52.37738],[16.83776,52.37745],[16.83765,52.3775],[16.83752,52.37757],[16.83739,52.37762],[16.83723,52.37768],[16.83704,52.37775],[16.83688,52.3778],[16.83673,52.37784],[16.83659,52.37788],[16.83648,52.37791],[16.83634,52.37794],[16.83619,52.37796],[16.83603,52.37799],[16.83586,52.37801],[16.83573,52.37803],[16.83564,52.37804],[16.83556,52.37804],[16.83545,52.37805],[16.83531,52.37806],[16.83508,52.37806],[16.83485,52.37807],[16.83469,52.37807],[16.83451,52.37807],[16.83433,52.37808],[16.83421,52.37808],[16.83416,52.37808],[16.83414,52.37808],[16.83366,52.37806],[16.83314,52.37803],[16.8327,52.37801],[16.83219,52.378],[16.83191,52.37798],[16.83146,52.37797],[16.83096,52.37794],[16.83055,52.37792],[16.83006,52.3779],[16.82959,52.37788],[16.82892,52.37786],[16.82832,52.37783],[16.82782,52.37781],[16.82716,52.37778],[16.82645,52.37775],[16.82614,52.37774],[16.82632,52.37757],[16.82661,52.37731],[16.82732,52.37666],[16.82737,52.37662],[16.82804,52.376],[16.82821,52.37584],[16.82837,52.3757],[16.82844,52.37563],[16.82853,52.37555],[16.82854,52.37555],[16.8286,52.37549],[16.82872,52.37537],[16.82874,52.37535],[16.82878,52.3753],[16.82906,52.37506],[16.82909,52.37503],[16.82912,52.375],[16.82938,52.37476],[16.82968,52.37449],[16.82977,52.3744],[16.82997,52.37421],[16.83014,52.37406],[16.83027,52.37393],[16.83045,52.37377],[16.83056,52.37367],[16.83137,52.37292],[16.83141,52.37289],[16.83192,52.37241],[16.83217,52.37218],[16.83232,52.37204],[16.83235,52.37201],[16.83258,52.3718],[16.83268,52.3717],[16.83315,52.37126],[16.83324,52.37118],[16.83348,52.37096],[16.83379,52.37067],[16.83385,52.37061],[16.83412,52.37036],[16.83395,52.36991],[16.83387,52.36971],[16.83379,52.36949],[16.83371,52.36929],[16.83367,52.36917],[16.83364,52.36908],[16.83354,52.36884],[16.83347,52.36866],[16.83343,52.36855],[16.8334,52.36847],[16.83333,52.36829],[16.8332,52.36796],[16.83307,52.36762],[16.83285,52.367],[16.83281,52.36688],[16.8327,52.36655],[16.83269,52.36653],[16.83265,52.36643],[16.83247,52.36594],[16.83241,52.36579],[16.8324,52.36575],[16.83239,52.36575],[16.83226,52.3654],[16.83223,52.36532],[16.83221,52.36526],[16.83216,52.36512],[16.83194,52.36454],[16.8317,52.36388],[16.83168,52.36382],[16.83167,52.3638],[16.83167,52.36379],[16.83165,52.36375],[16.83147,52.36325],[16.83122,52.36256],[16.83119,52.36248],[16.83102,52.36201],[16.83081,52.36144],[16.83072,52.36117],[16.83069,52.36109],[16.8306,52.36085],[16.83057,52.36076],[16.83032,52.36009],[16.83027,52.35993],[16.83022,52.35985],[16.83021,52.35978],[16.83009,52.35943],[16.82987,52.35884],[16.82976,52.35853],[16.82976,52.35853],[16.82962,52.35845],[16.82944,52.35837],[16.82915,52.35826],[16.82874,52.3581],[16.82846,52.35799],[16.82841,52.35797],[16.82793,52.35779],[16.82769,52.35769],[16.82735,52.35756],[16.8271,52.35747],[16.82667,52.3573],[16.82628,52.35715],[16.8259,52.357],[16.82556,52.35687],[16.82519,52.35672],[16.82512,52.3567],[16.82512,52.3567],[16.82544,52.35647],[16.82582,52.35618],[16.82614,52.35594],[16.82626,52.35585],[16.82636,52.35578],[16.82641,52.35575],[16.82655,52.35564],[16.82674,52.3555],[16.82679,52.35546],[16.82712,52.35522],[16.82719,52.35517],[16.82728,52.3551],[16.82734,52.35506],[16.82756,52.35489],[16.82762,52.35485],[16.82808,52.35451],[16.82859,52.35413],[16.82871,52.35405],[16.829,52.35383],[16.82921,52.35367],[16.8293,52.35361],[16.82952,52.35344],[16.82965,52.35334],[16.82976,52.35327],[16.83026,52.3529],[16.83139,52.35207],[16.83173,52.35182],[16.83209,52.35155],[16.83228,52.35141],[16.83281,52.35103],[16.83391,52.35021],[16.83441,52.34985],[16.83486,52.34951],[16.83499,52.34942],[16.83506,52.34936],[16.83524,52.34923],[16.83531,52.34918],[16.83533,52.34917],[16.83658,52.34824],[16.83707,52.34788],[16.83781,52.34733],[16.83882,52.34658],[16.83918,52.34632],[16.8394,52.34615],[16.83989,52.34579],[16.8405,52.34534],[16.84064,52.34524],[16.84118,52.34484],[16.84151,52.34459],[16.84199,52.34423],[16.84218,52.34436],[16.84233,52.34448],[16.84246,52.34459],[16.84258,52.34471],[16.84267,52.34482],[16.84291,52.34499],[16.84308,52.34514],[16.84333,52.34541],[16.844,52.34591],[16.84463,52.34636],[16.84471,52.34642],[16.84603,52.34735],[16.8461,52.3474],[16.84665,52.34778],[16.84843,52.34904],[16.84849,52.34909],[16.84855,52.34901],[16.84855,52.34901],[16.84856,52.34902],[16.84857,52.34902],[16.84881,52.34922],[16.84915,52.34948],[16.84938,52.3494],[16.84993,52.3492],[16.8507,52.34893],[16.85077,52.3489],[16.85092,52.34885],[16.85161,52.3486],[16.8517,52.34868],[16.85251,52.34938],[16.85288,52.3497],[16.85304,52.34984],[16.85308,52.34987],[16.85336,52.35011],[16.85362,52.35021],[16.85382,52.35029],[16.85438,52.35048],[16.85468,52.35057],[16.85484,52.35062],[16.8552,52.35073],[16.85579,52.3509],[16.85613,52.35102],[16.85666,52.35124],[16.8571,52.35144],[16.85733,52.35155],[16.85776,52.35175],[16.85791,52.35183],[16.85811,52.35194],[16.85825,52.35204],[16.85901,52.35255],[16.85902,52.35256],[16.85903,52.35257],[16.85906,52.35259],[16.85915,52.35265],[16.85929,52.35275],[16.85942,52.35285],[16.85948,52.3529],[16.85968,52.35308],[16.85976,52.35316],[16.86003,52.35343],[16.86029,52.35369],[16.86039,52.35378],[16.86043,52.35382],[16.8607,52.35409],[16.86077,52.35417],[16.86079,52.35418],[16.86128,52.35471],[16.86129,52.35471],[16.86131,52.35476],[16.86131,52.35477],[16.86132,52.3548],[16.86134,52.35482],[16.86159,52.35503],[16.86333,52.35647],[16.86337,52.3565],[16.8648,52.35775],[16.86579,52.35864],[16.86617,52.35902],[16.86656,52.35898],[16.86668,52.35896],[16.86695,52.35896],[16.86732,52.35894],[16.86758,52.35892],[16.86765,52.3589],[16.86793,52.35882],[16.8682,52.35874],[16.86849,52.35871],[16.86875,52.3586],[16.869,52.3585],[16.86912,52.35847],[16.86918,52.35845],[16.86926,52.35844],[16.86958,52.3584],[16.86981,52.35837],[16.86988,52.35836],[16.87015,52.35829],[16.87042,52.35823],[16.8707,52.35816],[16.871,52.3581],[16.87159,52.35796],[16.87212,52.35783],[16.87218,52.35782],[16.87226,52.3578],[16.87227,52.3578],[16.87234,52.35778],[16.87224,52.3579],[16.87215,52.35798],[16.87207,52.35807],[16.87198,52.35822],[16.8719,52.35836],[16.87186,52.3585],[16.8719,52.3586],[16.87194,52.3587],[16.87194,52.35881],[16.87196,52.35887],[16.87204,52.35899],[16.87215,52.35911],[16.87221,52.35915],[16.87236,52.35926],[16.87252,52.35936],[16.87269,52.35948],[16.87287,52.35959],[16.87293,52.35967],[16.87299,52.35986],[16.87304,52.35991],[16.87307,52.36003],[16.87313,52.36007],[16.87315,52.36013],[16.87314,52.3602],[16.87316,52.36028],[16.87321,52.36039],[16.87329,52.36055],[16.87339,52.36068],[16.8734,52.36072],[16.87337,52.36088],[16.87334,52.36106],[16.87336,52.36118],[16.87335,52.36129],[16.87334,52.36132],[16.87331,52.3614],[16.87325,52.36152],[16.8732,52.36163],[16.87311,52.3617],[16.87305,52.36184],[16.87301,52.36198],[16.873,52.36212],[16.87292,52.36234],[16.87284,52.36241],[16.87282,52.36241],[16.87272,52.36244],[16.8726,52.36248],[16.87249,52.36252],[16.87235,52.36257],[16.87228,52.36259],[16.87206,52.36264],[16.87194,52.36266],[16.8718,52.36268],[16.87174,52.36269],[16.87168,52.3627],[16.87164,52.36272],[16.87159,52.36275],[16.87157,52.36278],[16.87153,52.36283],[16.87153,52.36284],[16.87153,52.36286],[16.87154,52.3629],[16.87153,52.36294],[16.87151,52.36297],[16.87148,52.36301],[16.87148,52.36305],[16.87148,52.3631],[16.87148,52.3632],[16.87148,52.36323],[16.87147,52.36326],[16.87146,52.36329],[16.87141,52.36334],[16.87139,52.36339],[16.87134,52.36347],[16.87126,52.36354],[16.87119,52.36361],[16.87115,52.36367],[16.8711,52.36373],[16.87104,52.36378],[16.87098,52.36382],[16.87095,52.36384],[16.87093,52.36388],[16.87089,52.36398],[16.87088,52.36402],[16.87085,52.36405],[16.87075,52.3641],[16.87059,52.36417],[16.87057,52.36422],[16.87056,52.36428],[16.87039,52.36442],[16.87033,52.36453],[16.87031,52.36458],[16.87028,52.36467],[16.87026,52.36471],[16.87022,52.36477],[16.87014,52.36486],[16.87008,52.36494],[16.87003,52.36503],[16.86996,52.36519],[16.86991,52.36534],[16.86985,52.36552],[16.8698,52.3657],[16.86973,52.36582],[16.8697,52.3659],[16.86969,52.3661],[16.86957,52.36621],[16.86948,52.36627],[16.86891,52.36643],[16.86888,52.36645],[16.86879,52.36655],[16.86869,52.3666],[16.86841,52.36675],[16.86819,52.36683],[16.86815,52.36684],[16.86807,52.36692],[16.8678,52.36708],[16.86772,52.36721],[16.86749,52.36741],[16.86736,52.36749],[16.8672,52.36766],[16.86705,52.36775],[16.86689,52.36783],[16.86672,52.36796],[16.86653,52.36807],[16.86642,52.36819],[16.86625,52.36829],[16.8662,52.36832],[16.86605,52.36839],[16.86596,52.36854],[16.86583,52.36865],[16.86583,52.36882],[16.86575,52.36892],[16.86566,52.36906],[16.86529,52.36926],[16.86505,52.36933],[16.86453,52.36958],[16.86395,52.36985],[16.86322,52.37018],[16.86308,52.37024],[16.86299,52.37029],[16.86212,52.37073],[16.86149,52.37092],[16.86096,52.37105],[16.86054,52.37115],[16.86003,52.37128],[16.85955,52.3714],[16.85912,52.37151],[16.85841,52.3717],[16.85816,52.37181],[16.85781,52.37204],[16.85751,52.37226],[16.85745,52.3723],[16.85737,52.37235],[16.85726,52.3724],[16.85718,52.37248],[16.85658,52.37306],[16.85608,52.37353],[16.85589,52.37369],[16.85567,52.37389],[16.8554,52.37413],[16.85504,52.37445],[16.85486,52.37462],[16.85477,52.37471],[16.85438,52.37505],[16.8543,52.37514],[16.85428,52.37516],[16.85377,52.3757],[16.85374,52.37573],[16.85372,52.37576],[16.85369,52.3758],[16.85355,52.37597],[16.85346,52.37606],[16.85326,52.37624],[16.85301,52.37646],[16.85268,52.37673],[16.85244,52.37694],[16.85223,52.37712],[16.85219,52.37716],[16.85211,52.37723],[16.85196,52.37735],[16.8518,52.37749],[16.85177,52.37751],[16.85175,52.37753],[16.85174,52.37754],[16.85163,52.37762],[16.85157,52.3777],[16.8515,52.37774],[16.8514,52.37783],[16.85129,52.37792],[16.85101,52.37816],[16.851,52.37819],[16.85096,52.37822],[16.85087,52.37826],[16.8508,52.3783],[16.85073,52.37835],[16.85055,52.37838],[16.85055,52.37843],[16.85034,52.37848],[16.85028,52.37849],[16.85018,52.37849],[16.85011,52.37851]]]]}},{"type":"Feature","properties":{"i":37,"name":"Naramowice"},"geometry":{"type":"MultiPolygon","coordinates":[[[[16.95631,52.45803],[16.95403,52.45842],[16.95082,52.45897],[16.95082,52.45897],[16.94642,52.45972],[16.94642,52.45972],[16.94253,52.46039],[16.94253,52.46039],[16.93849,52.46108],[16.93849,52.46108],[16.9352,52.46168],[16.9352,52.46168],[16.93224,52.46229],[16.93224,52.46229],[16.9306,52.46261],[16.9306,52.46261],[16.93061,52.46263],[16.93058,52.46264],[16.93056,52.46256],[16.93038,52.4623],[16.93016,52.46206],[16.92995,52.46188],[16.92961,52.46163],[16.92951,52.46153],[16.92948,52.46149],[16.92882,52.4606],[16.92869,52.46043],[16.92823,52.4598],[16.92817,52.45972],[16.92796,52.45937],[16.92776,52.45888],[16.9275,52.4576],[16.92756,52.45508],[16.92759,52.45369],[16.92758,52.45307],[16.9275,52.45212],[16.92749,52.45194],[16.92739,52.45084],[16.92729,52.44991],[16.92726,52.44968],[16.92727,52.44926],[16.92729,52.44889],[16.92733,52.44858],[16.9275,52.44771],[16.92778,52.44654],[16.92794,52.44606],[16.92813,52.44547],[16.92828,52.44503],[16.92831,52.44495],[16.92884,52.44372],[16.92904,52.44327],[16.93282,52.44297],[16.93423,52.44287],[16.93694,52.44269],[16.94069,52.4426],[16.94105,52.44258],[16.94146,52.44256],[16.94253,52.44239],[16.94306,52.4423],[16.94356,52.44219],[16.9444,52.44194],[16.94655,52.44121],[16.94787,52.44082],[16.94932,52.44034],[16.95004,52.44005],[16.95062,52.43977],[16.95136,52.43934],[16.95171,52.43912],[16.95215,52.4388],[16.95272,52.43832],[16.95334,52.43767],[16.95456,52.43625],[16.9552,52.43557],[16.95587,52.43492],[16.95716,52.43397],[16.96063,52.43139],[16.96121,52.43094],[16.96134,52.43085],[16.96178,52.43052],[16.96178,52.43052],[16.96273,52.42982],[16.96413,52.42879],[16.96513,52.42922],[16.96556,52.42995],[16.96628,52.43144],[16.96639,52.43178],[16.96648,52.43232],[16.96643,52.4325],[16.96636,52.43273],[16.96624,52.43297],[16.96607,52.43325],[16.96587,52.43373],[16.96573,52.43409],[16.96557,52.43453],[16.96556,52.43484],[16.96558,52.43516],[16.96564,52.43568],[16.96571,52.43615],[16.96603,52.43691],[16.96656,52.43749],[16.96686,52.43773],[16.96707,52.43787],[16.96733,52.43797],[16.96762,52.43809],[16.96792,52.43818],[16.96827,52.43827],[16.9686,52.43832],[16.96893,52.43835],[16.96927,52.43839],[16.96961,52.43841],[16.96982,52.43844],[16.97006,52.43846],[16.9703,52.43847],[16.97063,52.43847],[16.97092,52.4385],[16.97144,52.43854],[16.97182,52.43859],[16.9722,52.43861],[16.97263,52.43865],[16.97289,52.43869],[16.97312,52.43873],[16.97339,52.43878],[16.97361,52.43882],[16.97385,52.43889],[16.97412,52.439],[16.97439,52.43911],[16.97473,52.43927],[16.97493,52.4394],[16.97516,52.43956],[16.97535,52.4397],[16.97547,52.4398],[16.97557,52.43996],[16.9757,52.44013],[16.97584,52.44037],[16.9759,52.44044],[16.97595,52.44058],[16.97599,52.4407],[16.97602,52.44082],[16.97603,52.44094],[16.97606,52.44132],[16.97607,52.4415],[16.97567,52.44149],[16.97566,52.44149],[16.97566,52.44149],[16.97571,52.442],[16.97576,52.44278],[16.97589,52.44401],[16.97583,52.44462],[16.97572,52.44545],[16.97561,52.4462],[16.97533,52.44666],[16.97458,52.44783],[16.97362,52.4491],[16.97362,52.4491],[16.97289,52.44992],[16.97289,52.44992],[16.97199,52.45097],[16.97148,52.45169],[16.97122,52.45217],[16.97115,52.45249],[16.97113,52.45306],[16.97128,52.45352],[16.97164,52.45398],[16.97202,52.45426],[16.97146,52.45447],[16.97146,52.45447],[16.97138,52.45453],[16.97128,52.45456],[16.97121,52.45457],[16.97117,52.45457],[16.97114,52.45463],[16.97111,52.45469],[16.97104,52.45472],[16.97058,52.45476],[16.97048,52.45477],[16.97037,52.45474],[16.97023,52.4547],[16.97011,52.45469],[16.97001,52.45473],[16.96996,52.45476],[16.96981,52.45484],[16.96964,52.45491],[16.96964,52.45491],[16.96937,52.45502],[16.96937,52.45502],[16.9688,52.4553],[16.9688,52.4553],[16.96834,52.45567],[16.96808,52.45604],[16.96805,52.45635],[16.96811,52.45673],[16.96805,52.45685],[16.96791,52.45698],[16.96779,52.45709],[16.96779,52.45709],[16.96749,52.4574],[16.96746,52.45754],[16.96729,52.45815],[16.96727,52.45879],[16.96723,52.45891],[16.96722,52.45913],[16.96716,52.45918],[16.96657,52.45946],[16.96649,52.45948],[16.96562,52.45956],[16.96462,52.45965],[16.96462,52.45965],[16.96407,52.45968],[16.96407,52.45968],[16.96402,52.45956],[16.96386,52.4595],[16.96375,52.4593],[16.96347,52.45899],[16.96321,52.45875],[16.96293,52.45861],[16.96253,52.45854],[16.96202,52.45851],[16.96176,52.45854],[16.96159,52.45859],[16.96159,52.45859],[16.96109,52.45866],[16.96063,52.45868],[16.96036,52.45866],[16.96014,52.45862],[16.95965,52.45859],[16.95882,52.45846],[16.95754,52.45827],[16.95745,52.45826],[16.95728,52.45808],[16.95707,52.45789],[16.95631,52.45803]]]]}},{"type":"Feature","properties":{"i":38,"name":"Głuszyna"},"geometry":{"type":"MultiPolygon","coordinates":[[[[16.94412,52.34228],[16.94307,52.34271],[16.94267,52.34288],[16.94247,52.34297],[16.94223,52.34311],[16.94193,52.34329],[16.94123,52.34377],[16.94104,52.34389],[16.94094,52.34395],[16.94083,52.34401],[16.94048,52.34414],[16.94005,52.34431],[16.93998,52.34434],[16.93994,52.34419],[16.93993,52.34409],[16.93999,52.3439],[16.94,52.34385],[16.93998,52.34378],[16.93989,52.34357],[16.93974,52.34329],[16.93947,52.3429],[16.93932,52.34274],[16.93927,52.34268],[16.93912,52.34242],[16.93886,52.34192],[16.93852,52.34132],[16.93835,52.341],[16.93815,52.34056],[16.93806,52.34041],[16.93793,52.34025],[16.93776,52.34012],[16.93744,52.33985],[16.93743,52.33983],[16.93735,52.33969],[16.93726,52.33959],[16.93711,52.33949],[16.93676,52.33925],[16.93645,52.33908],[16.93629,52.339],[16.93627,52.339],[16.93607,52.33893],[16.93581,52.33887],[16.93561,52.33886],[16.93545,52.33888],[16.93513,52.33893],[16.93497,52.33896],[16.93483,52.33896],[16.93464,52.33895],[16.93441,52.33893],[16.93416,52.33888],[16.93402,52.33884],[16.93394,52.3388],[16.93388,52.33876],[16.93374,52.33864],[16.93353,52.33832],[16.93346,52.33813],[16.9334,52.33794],[16.93339,52.33776],[16.93344,52.33714],[16.93348,52.33668],[16.93353,52.33589],[16.9336,52.33488],[16.93359,52.33474],[16.93357,52.33459],[16.93352,52.33442],[16.93345,52.33431],[16.93336,52.33417],[16.93329,52.33404],[16.93286,52.333],[16.9325,52.33245],[16.93239,52.33234],[16.93216,52.33202],[16.93208,52.33191],[16.93184,52.33126],[16.93165,52.33102],[16.93147,52.33055],[16.93143,52.33028],[16.93126,52.32952],[16.93123,52.32859],[16.93144,52.32785],[16.93164,52.32729],[16.93174,52.32692],[16.93161,52.32609],[16.93156,52.32573],[16.93124,52.3241],[16.93076,52.32227],[16.93152,52.32141],[16.93171,52.32055],[16.93177,52.31984],[16.9316,52.3193],[16.93157,52.3192],[16.93145,52.31873],[16.93163,52.31864],[16.9328,52.31812],[16.93304,52.31802],[16.93325,52.31792],[16.93348,52.31782],[16.93361,52.31776],[16.93371,52.31771],[16.93387,52.31764],[16.93394,52.31761],[16.93427,52.31747],[16.9347,52.3173],[16.93513,52.31711],[16.93552,52.31695],[16.9358,52.3168],[16.93635,52.3165],[16.93712,52.31609],[16.9382,52.3155],[16.93891,52.31508],[16.93901,52.31502],[16.93999,52.31445],[16.94014,52.31437],[16.941,52.31502],[16.94265,52.31394],[16.94312,52.31364],[16.944,52.31307],[16.94404,52.31304],[16.94535,52.31218],[16.94632,52.31155],[16.9476,52.31071],[16.94814,52.31102],[16.94868,52.31129],[16.94877,52.31134],[16.9501,52.31204],[16.95023,52.31206],[16.95079,52.31237],[16.95092,52.3125],[16.95092,52.3125],[16.9509,52.31259],[16.95088,52.31271],[16.95088,52.31271],[16.95089,52.31309],[16.9509,52.31341],[16.95091,52.31355],[16.95107,52.31349],[16.95222,52.31315],[16.95238,52.31337],[16.95253,52.31357],[16.95257,52.31361],[16.95268,52.31376],[16.95276,52.31386],[16.95283,52.31396],[16.95288,52.31402],[16.95445,52.31364],[16.95506,52.31415],[16.9551,52.31418],[16.95563,52.31462],[16.95589,52.31449],[16.95614,52.31455],[16.95642,52.31457],[16.95666,52.31445],[16.9568,52.31435],[16.95704,52.31428],[16.95729,52.31425],[16.95758,52.31419],[16.95758,52.31419],[16.95757,52.31415],[16.95726,52.31401],[16.95717,52.31396],[16.95712,52.31392],[16.95712,52.31392],[16.95708,52.31384],[16.95708,52.31384],[16.95727,52.31368],[16.95727,52.31368],[16.95726,52.31364],[16.95723,52.31358],[16.95704,52.31337],[16.95703,52.31335],[16.95703,52.31335],[16.95703,52.3133],[16.95703,52.3133],[16.95721,52.31316],[16.95759,52.31288],[16.95761,52.31285],[16.95764,52.31283],[16.95767,52.31282],[16.95788,52.31275],[16.95817,52.3127],[16.9584,52.3127],[16.95848,52.31264],[16.95848,52.31264],[16.95836,52.31237],[16.95836,52.31237],[16.95837,52.3123],[16.95845,52.31224],[16.95869,52.3122],[16.95887,52.31215],[16.95896,52.31209],[16.95898,52.31204],[16.959,52.3119],[16.959,52.3119],[16.95901,52.31181],[16.95901,52.31181],[16.959,52.31177],[16.95896,52.31166],[16.95894,52.31161],[16.95886,52.31153],[16.95881,52.31152],[16.95871,52.31151],[16.95858,52.31149],[16.95836,52.31142],[16.95813,52.31132],[16.95813,52.31132],[16.95816,52.31126],[16.95821,52.31116],[16.95838,52.31081],[16.95861,52.31066],[16.95883,52.31061],[16.95897,52.31056],[16.95897,52.31056],[16.95897,52.31049],[16.95894,52.31036],[16.95891,52.3103],[16.95889,52.31024],[16.95888,52.31021],[16.95887,52.31019],[16.95887,52.31019],[16.95891,52.31018],[16.959,52.31016],[16.95908,52.31017],[16.95945,52.31037],[16.95953,52.3104],[16.9597,52.31028],[16.95975,52.31025],[16.95999,52.31016],[16.96006,52.31013],[16.9603,52.31008],[16.96035,52.31007],[16.9605,52.31007],[16.96064,52.31009],[16.96094,52.31014],[16.96109,52.31015],[16.96112,52.31014],[16.96117,52.31011],[16.96119,52.31007],[16.96119,52.31007],[16.96109,52.30993],[16.96103,52.30981],[16.96096,52.30971],[16.96091,52.30966],[16.96088,52.3096],[16.96086,52.30957],[16.96082,52.30943],[16.96082,52.30934],[16.96082,52.30934],[16.96086,52.30919],[16.9609,52.30918],[16.96093,52.30917],[16.96107,52.30919],[16.96111,52.30924],[16.96117,52.30931],[16.96127,52.30937],[16.96133,52.30941],[16.96155,52.30943],[16.96172,52.30945],[16.96201,52.30949],[16.9621,52.30942],[16.96219,52.30927],[16.96229,52.30917],[16.9624,52.30909],[16.96243,52.30908],[16.96248,52.30906],[16.9626,52.30905],[16.96261,52.30904],[16.96269,52.30893],[16.96273,52.30888],[16.96279,52.30879],[16.96292,52.30875],[16.96327,52.30865],[16.96331,52.30862],[16.96337,52.30853],[16.96337,52.30853],[16.9633,52.30836],[16.96315,52.30825],[16.96315,52.30825],[16.96322,52.3082],[16.96352,52.30814],[16.96383,52.30814],[16.96397,52.30803],[16.96407,52.30803],[16.96424,52.30802],[16.96462,52.30812],[16.96476,52.30824],[16.96529,52.30864],[16.96556,52.30861],[16.96577,52.30856],[16.96628,52.30846],[16.96677,52.30847],[16.967,52.30846],[16.967,52.30846],[16.96698,52.30836],[16.96698,52.30836],[16.96778,52.30804],[16.96874,52.30764],[16.97073,52.30687],[16.97087,52.30681],[16.97224,52.30626],[16.97337,52.30579],[16.975,52.30516],[16.9754,52.305],[16.97582,52.30485],[16.97587,52.30483],[16.97627,52.30468],[16.97667,52.30453],[16.97674,52.3045],[16.97723,52.30432],[16.97774,52.30411],[16.97835,52.30387],[16.97921,52.30349],[16.97921,52.30349],[16.97869,52.30292],[16.97823,52.30294],[16.97656,52.30301],[16.97652,52.30301],[16.97643,52.30195],[16.97643,52.30195],[16.97648,52.30193],[16.97796,52.30122],[16.97796,52.30122],[16.97797,52.30112],[16.97786,52.30101],[16.97786,52.30101],[16.97794,52.30096],[16.97794,52.30096],[16.97761,52.30078],[16.97761,52.30078],[16.97805,52.30052],[16.97882,52.30021],[16.97962,52.30014],[16.98006,52.30015],[16.98048,52.29997],[16.98048,52.29997],[16.98014,52.29968],[16.98014,52.29968],[16.98044,52.2995],[16.98057,52.29933],[16.98057,52.29933],[16.98057,52.2992],[16.98057,52.2992],[16.98085,52.29922],[16.98121,52.2991],[16.9819,52.29903],[16.98195,52.29904],[16.98206,52.29904],[16.98227,52.29894],[16.98238,52.29881],[16.98238,52.29881],[16.98231,52.29869],[16.98231,52.29869],[16.98275,52.29853],[16.98299,52.29855],[16.98342,52.29811],[16.98384,52.29804],[16.98406,52.29796],[16.98436,52.29768],[16.98436,52.29768],[16.98436,52.29754],[16.98436,52.29754],[16.98449,52.29733],[16.9848,52.29711],[16.9851,52.29677],[16.98562,52.2971],[16.98589,52.29728],[16.98672,52.29682],[16.98707,52.29652],[16.98745,52.29632],[16.98821,52.29626],[16.98935,52.29582],[16.98999,52.29561],[16.99023,52.29551],[16.99023,52.29551],[16.98967,52.29499],[16.98925,52.29461],[16.9891,52.29447],[16.9891,52.29447],[16.9894,52.29433],[16.98983,52.29407],[16.99019,52.29402],[16.99049,52.29388],[16.99081,52.2937],[16.99123,52.29361],[16.992,52.29344],[16.992,52.29344],[16.99202,52.29336],[16.99235,52.29326],[16.99238,52.29313],[16.99255,52.29307],[16.99271,52.29306],[16.99279,52.29305],[16.99304,52.29296],[16.99332,52.29291],[16.99342,52.29285],[16.99353,52.29268],[16.99372,52.29263],[16.99392,52.29278],[16.99404,52.29276],[16.99435,52.29272],[16.99461,52.29263],[16.9947,52.29253],[16.9947,52.29253],[16.99471,52.29241],[16.99471,52.29241],[16.99491,52.2923],[16.99499,52.29225],[16.99506,52.29223],[16.99523,52.29219],[16.99535,52.29212],[16.99544,52.29208],[16.99587,52.29192],[16.99647,52.29249],[16.99677,52.29277],[16.99695,52.29291],[16.99711,52.29302],[16.99718,52.29308],[16.99743,52.29326],[16.99804,52.2937],[16.99837,52.29392],[16.99901,52.29438],[16.99935,52.29458],[16.99973,52.2946],[16.99995,52.29476],[17.00033,52.29504],[17.00065,52.29522],[17.00084,52.2953],[17.00108,52.29537],[17.00156,52.29535],[17.00191,52.29532],[17.00204,52.29531],[17.0022,52.29537],[17.00252,52.2957],[17.00298,52.29592],[17.00298,52.29592],[17.00282,52.29603],[17.00268,52.29617],[17.00214,52.29669],[17.00134,52.29752],[17.00105,52.29779],[17.00007,52.2987],[17.00006,52.29871],[16.99904,52.29965],[16.99903,52.29966],[16.99886,52.29979],[16.9985,52.30011],[16.99822,52.30035],[16.99704,52.30144],[16.99696,52.3015],[16.99624,52.30161],[16.99613,52.30168],[16.99609,52.30173],[16.99597,52.30194],[16.99583,52.3023],[16.99545,52.30339],[16.99536,52.30358],[16.99465,52.30487],[16.9944,52.30532],[16.99394,52.30615],[16.99324,52.30742],[16.99324,52.30742],[16.99355,52.30763],[16.99454,52.30828],[16.9959,52.30917],[16.99725,52.31006],[16.99727,52.31012],[16.99868,52.31082],[16.99927,52.31111],[17.00051,52.31173],[17.00167,52.31231],[17.00211,52.31253],[17.0022,52.31258],[17.00174,52.31324],[17.00169,52.3133],[17.00169,52.31331],[17.00159,52.31349],[17.00136,52.3139],[17.00131,52.31399],[17.00131,52.31399],[17.00095,52.31464],[17.00081,52.31485],[17.00074,52.31492],[17.00068,52.31499],[16.99957,52.31578],[16.99948,52.31585],[16.99954,52.31587],[16.99871,52.31625],[16.99847,52.31639],[16.99815,52.31661],[16.99812,52.31664],[16.99782,52.31687],[16.99742,52.31722],[16.9964,52.31818],[16.99616,52.31838],[16.99578,52.3186],[16.99542,52.31875],[16.99365,52.3193],[16.99309,52.31951],[16.99262,52.31975],[16.992,52.32011],[16.99153,52.3204],[16.99122,52.32062],[16.99055,52.32099],[16.98984,52.3213],[16.98829,52.32194],[16.98687,52.32255],[16.98584,52.32299],[16.98562,52.32308],[16.98415,52.32377],[16.9835,52.32404],[16.98344,52.32404],[16.98315,52.32388],[16.9831,52.32392],[16.98309,52.32394],[16.98309,52.32394],[16.98311,52.32395],[16.98402,52.32446],[16.98486,52.32482],[16.98592,52.32525],[16.98674,52.32567],[16.9876,52.32607],[16.98794,52.32624],[16.98857,52.32655],[16.98901,52.32683],[16.98925,52.32698],[16.98933,52.32712],[16.98946,52.32734],[16.98961,52.32763],[16.98972,52.32789],[16.9898,52.32814],[16.98983,52.32824],[16.98989,52.32843],[16.98992,52.32859],[16.98993,52.32866],[16.98994,52.32879],[16.98992,52.32891],[16.98993,52.32902],[16.98992,52.32916],[16.98989,52.3293],[16.98983,52.32945],[16.98976,52.32963],[16.98961,52.32985],[16.98946,52.33006],[16.98818,52.33047],[16.9856,52.33131],[16.98288,52.33218],[16.98226,52.33236],[16.98202,52.33236],[16.98178,52.33232],[16.9816,52.33226],[16.98136,52.33218],[16.9813,52.33215],[16.98087,52.3323],[16.98063,52.3324],[16.9804,52.33251],[16.98021,52.33262],[16.97977,52.33298],[16.97958,52.33313],[16.97938,52.33331],[16.97925,52.3334],[16.97911,52.33347],[16.97878,52.3336],[16.97828,52.33379],[16.97796,52.33392],[16.97767,52.33404],[16.97748,52.33413],[16.97692,52.33434],[16.97666,52.33443],[16.97598,52.33454],[16.97555,52.3346],[16.97532,52.33463],[16.97486,52.33474],[16.9744,52.33485],[16.97411,52.33495],[16.97386,52.33505],[16.97366,52.33513],[16.97348,52.33518],[16.97277,52.33539],[16.97217,52.33557],[16.97151,52.33576],[16.97112,52.33587],[16.97071,52.33601],[16.9706,52.33606],[16.9703,52.33617],[16.96991,52.3363],[16.96932,52.33649],[16.9687,52.33668],[16.96841,52.33677],[16.96732,52.33713],[16.96663,52.33736],[16.96625,52.33747],[16.96591,52.33758],[16.9652,52.33782],[16.96477,52.33797],[16.9644,52.33811],[16.96383,52.33836],[16.96353,52.3385],[16.96334,52.33858],[16.96312,52.33865],[16.96283,52.33877],[16.96252,52.33891],[16.96228,52.339],[16.96202,52.33908],[16.96142,52.33924],[16.96099,52.33938],[16.96066,52.33949],[16.96015,52.33966],[16.95973,52.3398],[16.95921,52.33996],[16.95834,52.34027],[16.958,52.34041],[16.95756,52.34056],[16.9572,52.34068],[16.95654,52.34088],[16.95575,52.34112],[16.95482,52.34143],[16.95435,52.3416],[16.95217,52.34233],[16.95012,52.34302],[16.95003,52.34305],[16.94944,52.34329],[16.94937,52.3433],[16.9493,52.34332],[16.94919,52.34336],[16.94913,52.34337],[16.94908,52.34337],[16.94869,52.3433],[16.94861,52.34328],[16.94821,52.3432],[16.94681,52.34269],[16.94589,52.34239],[16.94572,52.34233],[16.9456,52.34231],[16.94544,52.34229],[16.94523,52.34228],[16.94482,52.34229],[16.94464,52.34229],[16.94428,52.34228],[16.94418,52.34227],[16.94412,52.34228]]]]}},{"type":"Feature","properties":{"i":39,"name":"Wola"},"geometry":{"type":"MultiPolygon","coordinates":[[[[16.85848,52.43516],[16.85845,52.43518],[16.85829,52.43527],[16.85815,52.43538],[16.85801,52.43543],[16.8576,52.43542],[16.85756,52.4354],[16.85588,52.43459],[16.85488,52.43411],[16.85323,52.43332],[16.85244,52.43293],[16.85157,52.4325],[16.85018,52.43182],[16.848,52.43076],[16.84751,52.4306],[16.84681,52.43045],[16.84641,52.4304],[16.84593,52.43036],[16.84517,52.43033],[16.84508,52.43014],[16.84487,52.42985],[16.84445,52.42924],[16.84353,52.42803],[16.84351,52.428],[16.84294,52.42725],[16.84211,52.42616],[16.84273,52.42602],[16.84392,52.42561],[16.84471,52.42542],[16.8455,52.42517],[16.846,52.42503],[16.84624,52.42497],[16.84691,52.42477],[16.84702,52.42473],[16.84755,52.42458],[16.8482,52.42438],[16.84922,52.42408],[16.84925,52.42412],[16.85127,52.42351],[16.85226,52.42321],[16.85229,52.4232],[16.85313,52.42284],[16.85548,52.42184],[16.85587,52.42171],[16.85592,52.42169],[16.85638,52.42161],[16.85746,52.42105],[16.85736,52.42083],[16.85545,52.417],[16.85537,52.41665],[16.85525,52.41649],[16.85516,52.41638],[16.85511,52.4163],[16.85505,52.4162],[16.85471,52.41558],[16.85411,52.41451],[16.8536,52.41365],[16.85348,52.41247],[16.85346,52.41231],[16.85345,52.41216],[16.85344,52.41208],[16.85799,52.41189],[16.86067,52.41178],[16.86078,52.41178],[16.86137,52.41178],[16.86274,52.41184],[16.86421,52.41189],[16.86496,52.41194],[16.86773,52.41213],[16.86954,52.41226],[16.86967,52.41227],[16.86983,52.41306],[16.86998,52.41392],[16.87013,52.41482],[16.87017,52.41497],[16.87023,52.41511],[16.87064,52.41585],[16.87127,52.41697],[16.87196,52.4182],[16.87229,52.41879],[16.87245,52.41909],[16.87288,52.41991],[16.87299,52.42023],[16.87313,52.42056],[16.8733,52.42087],[16.87336,52.42099],[16.87348,52.42123],[16.87355,52.42128],[16.87368,52.4213],[16.87382,52.42128],[16.87388,52.42131],[16.87391,52.42143],[16.87391,52.42152],[16.87387,52.42162],[16.8738,52.42169],[16.8738,52.42175],[16.87418,52.42225],[16.87503,52.42328],[16.87508,52.42339],[16.87511,52.42343],[16.87514,52.42347],[16.87522,52.42358],[16.87522,52.42358],[16.87533,52.42372],[16.87539,52.4238],[16.87672,52.42564],[16.87684,52.42576],[16.87665,52.42577],[16.87654,52.42579],[16.87647,52.42579],[16.87645,52.42581],[16.87634,52.42582],[16.87631,52.4258],[16.87628,52.42578],[16.87625,52.4258],[16.87623,52.42582],[16.87617,52.42584],[16.87601,52.42584],[16.87591,52.42584],[16.87581,52.42583],[16.87551,52.42583],[16.87538,52.42585],[16.87533,52.42586],[16.87523,52.42588],[16.87498,52.4259],[16.87474,52.4259],[16.87455,52.42589],[16.87444,52.42589],[16.87434,52.42591],[16.87426,52.42594],[16.87415,52.42599],[16.87404,52.42605],[16.87397,52.4261],[16.8739,52.42616],[16.87387,52.42624],[16.87382,52.42626],[16.87375,52.42625],[16.87372,52.42628],[16.87364,52.42635],[16.8735,52.42643],[16.87332,52.42656],[16.87331,52.4266],[16.87333,52.42665],[16.87331,52.42667],[16.87327,52.42669],[16.87323,52.42672],[16.87324,52.42675],[16.87326,52.42679],[16.87326,52.42682],[16.87318,52.42686],[16.87313,52.42691],[16.87311,52.42696],[16.87307,52.42702],[16.87307,52.4271],[16.87307,52.42714],[16.87303,52.4272],[16.87304,52.42722],[16.87307,52.42725],[16.87303,52.42733],[16.87295,52.42742],[16.87289,52.42753],[16.87277,52.42762],[16.87266,52.42769],[16.87254,52.42775],[16.87238,52.42781],[16.87228,52.42781],[16.87219,52.4278],[16.87219,52.42782],[16.87222,52.42785],[16.87223,52.42788],[16.87216,52.42793],[16.87207,52.42798],[16.87203,52.42802],[16.87203,52.42804],[16.87195,52.4281],[16.87193,52.4281],[16.87191,52.42809],[16.87193,52.42807],[16.87189,52.42807],[16.87186,52.42808],[16.87185,52.4281],[16.87183,52.42813],[16.87177,52.42816],[16.87167,52.4282],[16.87163,52.42824],[16.87159,52.42828],[16.87155,52.42828],[16.87151,52.42827],[16.87149,52.42824],[16.87148,52.42819],[16.87149,52.42816],[16.87146,52.42815],[16.8714,52.42814],[16.87131,52.42815],[16.87129,52.42816],[16.87125,52.42817],[16.87114,52.42817],[16.87106,52.42819],[16.87098,52.42821],[16.87089,52.42825],[16.87083,52.42828],[16.87079,52.42831],[16.87078,52.42834],[16.87078,52.42837],[16.87074,52.4284],[16.87069,52.42842],[16.87063,52.42844],[16.87057,52.42844],[16.8705,52.42843],[16.87044,52.42843],[16.87039,52.42842],[16.87032,52.42841],[16.87026,52.4284],[16.87018,52.4284],[16.87011,52.42842],[16.87001,52.42848],[16.86997,52.42851],[16.86992,52.42853],[16.86985,52.42853],[16.86978,52.42852],[16.86973,52.42852],[16.86967,52.42854],[16.86959,52.42859],[16.86953,52.42865],[16.86942,52.42866],[16.86931,52.42866],[16.86922,52.42869],[16.86904,52.42879],[16.86894,52.42887],[16.86874,52.4292],[16.86867,52.42926],[16.86862,52.42934],[16.86854,52.42941],[16.86849,52.42943],[16.86837,52.42946],[16.86833,52.42951],[16.86831,52.42961],[16.86828,52.42968],[16.86826,52.42976],[16.86819,52.42978],[16.86814,52.42977],[16.86809,52.42977],[16.86806,52.42989],[16.86808,52.42992],[16.86814,52.42994],[16.86822,52.42994],[16.86829,52.42994],[16.86835,52.42996],[16.86836,52.43],[16.86837,52.4301],[16.86755,52.43019],[16.86526,52.43063],[16.86373,52.43096],[16.86312,52.43106],[16.86277,52.43113],[16.86241,52.43123],[16.86184,52.43136],[16.86173,52.43142],[16.86162,52.43148],[16.86169,52.43191],[16.86172,52.43224],[16.86179,52.43242],[16.86178,52.43266],[16.86166,52.433],[16.86163,52.43306],[16.86162,52.43319],[16.86157,52.43323],[16.86153,52.43348],[16.86143,52.43353],[16.86131,52.43372],[16.86129,52.43377],[16.86132,52.4339],[16.86114,52.43411],[16.86103,52.43416],[16.86094,52.4342],[16.86092,52.43433],[16.86086,52.43444],[16.86066,52.43451],[16.8604,52.43465],[16.86027,52.43469],[16.86018,52.43471],[16.86004,52.43471],[16.85984,52.43474],[16.85973,52.4348],[16.85981,52.43487],[16.85958,52.43498],[16.85954,52.43502],[16.85909,52.43525],[16.85883,52.4352],[16.85869,52.43515],[16.85848,52.43516]]]]}},{"type":"Feature","properties":{"i":40,"name":"Strzeszyn"},"geometry":{"type":"MultiPolygon","coordinates":[[[[16.85505,52.46981],[16.85494,52.46991],[16.85456,52.47024],[16.85427,52.47049],[16.85392,52.4708],[16.85365,52.47103],[16.85335,52.47131],[16.8531,52.47156],[16.8528,52.47187],[16.85256,52.47213],[16.85234,52.47239],[16.85216,52.47261],[16.85199,52.47282],[16.85183,52.47303],[16.85166,52.47327],[16.8515,52.4735],[16.85135,52.47373],[16.85117,52.47399],[16.85101,52.47421],[16.85084,52.47446],[16.85063,52.47478],[16.85022,52.47537],[16.84997,52.47573],[16.84967,52.47577],[16.84967,52.47577],[16.8477,52.47605],[16.84621,52.47626],[16.84484,52.47646],[16.84401,52.47658],[16.8434,52.47666],[16.84332,52.47664],[16.84315,52.47658],[16.84205,52.47617],[16.84129,52.47553],[16.84081,52.47521],[16.84036,52.47503],[16.83956,52.47482],[16.83909,52.47473],[16.83759,52.47452],[16.83689,52.47433],[16.83535,52.47308],[16.83503,52.47264],[16.83484,52.47225],[16.83441,52.47172],[16.83351,52.47129],[16.83132,52.47096],[16.83085,52.47063],[16.83081,52.46964],[16.83051,52.46941],[16.83051,52.46941],[16.83048,52.46942],[16.82941,52.4696],[16.82779,52.46983],[16.82766,52.46985],[16.82654,52.47001],[16.82512,52.47024],[16.8237,52.4705],[16.82229,52.47073],[16.82085,52.47093],[16.81942,52.47114],[16.81761,52.47144],[16.81761,52.47144],[16.81736,52.47145],[16.81647,52.47148],[16.81602,52.47155],[16.81557,52.47162],[16.81434,52.47181],[16.81369,52.47191],[16.81339,52.47196],[16.81319,52.47199],[16.81299,52.47201],[16.81269,52.47205],[16.81242,52.47209],[16.81214,52.47212],[16.81188,52.47214],[16.81167,52.47216],[16.81136,52.47219],[16.81107,52.47221],[16.8107,52.47224],[16.81032,52.47226],[16.80992,52.47228],[16.8096,52.4723],[16.80918,52.47231],[16.80834,52.47232],[16.80724,52.47233],[16.80615,52.47234],[16.80532,52.47235],[16.80414,52.47236],[16.804,52.47236],[16.80353,52.47237],[16.80278,52.47237],[16.80237,52.47238],[16.80218,52.47238],[16.80214,52.47238],[16.80213,52.47237],[16.8021,52.47228],[16.80211,52.47216],[16.80215,52.47206],[16.80226,52.4719],[16.80228,52.47182],[16.80224,52.47172],[16.80195,52.47129],[16.80179,52.47096],[16.80166,52.47064],[16.80158,52.47027],[16.8014,52.46943],[16.80134,52.46919],[16.80443,52.46738],[16.80559,52.46671],[16.8067,52.46607],[16.80796,52.46534],[16.80942,52.46439],[16.80956,52.46427],[16.81039,52.4637],[16.81101,52.46328],[16.81284,52.46187],[16.81515,52.46015],[16.81588,52.4596],[16.81625,52.45932],[16.81701,52.45875],[16.81738,52.45831],[16.81753,52.45814],[16.8186,52.45763],[16.81887,52.4575],[16.81889,52.45748],[16.81892,52.45749],[16.82246,52.45812],[16.82248,52.45808],[16.82253,52.45804],[16.82259,52.45801],[16.82266,52.45798],[16.82271,52.45795],[16.82277,52.45792],[16.82284,52.45788],[16.8229,52.45783],[16.82296,52.4578],[16.823,52.45777],[16.8231,52.45774],[16.82314,52.45773],[16.82314,52.45776],[16.82315,52.45778],[16.82324,52.45776],[16.82333,52.45772],[16.82342,52.45769],[16.82351,52.45766],[16.82359,52.45765],[16.82366,52.45765],[16.82373,52.45765],[16.82376,52.45764],[16.82377,52.45762],[16.82379,52.4576],[16.82379,52.45758],[16.82379,52.45756],[16.82381,52.45753],[16.82382,52.4575],[16.82382,52.45748],[16.82381,52.45746],[16.82385,52.45743],[16.82391,52.4574],[16.82396,52.45737],[16.82401,52.45734],[16.82405,52.45732],[16.82407,52.45728],[16.8241,52.45726],[16.82413,52.45724],[16.82417,52.45722],[16.82419,52.45719],[16.82419,52.45717],[16.82417,52.45713],[16.8242,52.4571],[16.82427,52.45707],[16.82432,52.45702],[16.82435,52.45696],[16.82441,52.45687],[16.82444,52.45683],[16.82457,52.45674],[16.82459,52.4567],[16.82463,52.45667],[16.82471,52.45662],[16.82477,52.45657],[16.82481,52.45654],[16.82484,52.45653],[16.8249,52.45653],[16.82519,52.45669],[16.82524,52.45668],[16.8253,52.45667],[16.82539,52.45658],[16.82583,52.45626],[16.82609,52.456],[16.82616,52.45611],[16.8261,52.45617],[16.82585,52.45636],[16.82553,52.45657],[16.82542,52.45666],[16.82528,52.45679],[16.82518,52.45687],[16.82514,52.45687],[16.82508,52.45688],[16.82487,52.45707],[16.8248,52.45712],[16.82467,52.45718],[16.82445,52.4573],[16.82438,52.45731],[16.82434,52.45733],[16.82434,52.45735],[16.82431,52.45739],[16.82427,52.45742],[16.82424,52.45743],[16.82421,52.45743],[16.82419,52.45742],[16.82419,52.4574],[16.82417,52.45739],[16.82415,52.4574],[16.82412,52.45743],[16.82407,52.45743],[16.82404,52.45744],[16.82404,52.45746],[16.82399,52.4575],[16.82394,52.45752],[16.82391,52.45755],[16.82389,52.4576],[16.82388,52.45763],[16.82387,52.45767],[16.82385,52.45769],[16.82386,52.4577],[16.82393,52.45773],[16.82401,52.45779],[16.82408,52.45783],[16.82414,52.45788],[16.8242,52.45794],[16.82424,52.45797],[16.82428,52.45799],[16.82431,52.45801],[16.8243,52.45806],[16.82429,52.45813],[16.82433,52.45827],[16.82434,52.45833],[16.82437,52.45839],[16.82439,52.45842],[16.82447,52.45848],[16.82452,52.45853],[16.82457,52.45856],[16.82465,52.45856],[16.82474,52.45854],[16.82483,52.45852],[16.82487,52.45851],[16.82489,52.45854],[16.82487,52.45857],[16.82482,52.45861],[16.82481,52.45865],[16.82486,52.45867],[16.82502,52.45873],[16.82515,52.45877],[16.82526,52.4588],[16.82532,52.45881],[16.82536,52.45879],[16.82539,52.45876],[16.82543,52.45873],[16.82545,52.45869],[16.82549,52.45866],[16.8256,52.45863],[16.82569,52.45861],[16.82577,52.45859],[16.82588,52.45857],[16.82592,52.45855],[16.82597,52.45854],[16.82598,52.45852],[16.82607,52.4585],[16.82617,52.45848],[16.82621,52.45845],[16.82623,52.45844],[16.82624,52.45842],[16.82627,52.45842],[16.82635,52.45844],[16.8264,52.45846],[16.82644,52.45846],[16.82647,52.45847],[16.82651,52.45845],[16.82658,52.45843],[16.82666,52.4584],[16.82672,52.45838],[16.82676,52.45836],[16.82681,52.45834],[16.82684,52.45832],[16.82691,52.45831],[16.82697,52.45828],[16.82701,52.45827],[16.82704,52.45825],[16.82707,52.45822],[16.82711,52.45819],[16.82712,52.45817],[16.82713,52.45815],[16.82715,52.45813],[16.82719,52.45813],[16.82722,52.45813],[16.82726,52.45812],[16.82729,52.45809],[16.82732,52.45807],[16.82737,52.45805],[16.8274,52.45803],[16.82745,52.45801],[16.82748,52.45798],[16.82745,52.45796],[16.82745,52.45793],[16.82748,52.45792],[16.82754,52.45789],[16.82763,52.45785],[16.82768,52.45783],[16.82772,52.45781],[16.82776,52.45779],[16.82781,52.45775],[16.82786,52.45772],[16.82794,52.45768],[16.82805,52.45766],[16.82816,52.45759],[16.82826,52.45756],[16.82835,52.45754],[16.8284,52.45752],[16.8285,52.4575],[16.82857,52.45748],[16.82865,52.45745],[16.8287,52.4574],[16.82875,52.45739],[16.82885,52.45739],[16.82893,52.4574],[16.82899,52.45739],[16.82906,52.45737],[16.82913,52.45734],[16.82918,52.45733],[16.82929,52.45733],[16.82935,52.45733],[16.82941,52.45731],[16.82945,52.45729],[16.82955,52.45728],[16.82965,52.4573],[16.82973,52.45732],[16.82978,52.45736],[16.82985,52.4574],[16.82991,52.45742],[16.82994,52.45744],[16.83003,52.45742],[16.83005,52.45741],[16.83011,52.4574],[16.83019,52.45741],[16.83024,52.45743],[16.83029,52.45747],[16.83035,52.4575],[16.83038,52.45754],[16.83057,52.45715],[16.83065,52.45688],[16.83066,52.45678],[16.83078,52.45633],[16.83078,52.45607],[16.83077,52.45564],[16.83075,52.45554],[16.83063,52.45546],[16.83045,52.45527],[16.83036,52.45501],[16.83033,52.45475],[16.83038,52.45453],[16.83075,52.45366],[16.83113,52.45331],[16.83131,52.45323],[16.8325,52.45221],[16.83315,52.45177],[16.8342,52.45133],[16.83609,52.45034],[16.8369,52.44978],[16.83707,52.44963],[16.83692,52.44955],[16.83688,52.4494],[16.837,52.44918],[16.83716,52.44904],[16.83733,52.44895],[16.83774,52.44877],[16.83822,52.44856],[16.83855,52.44853],[16.83882,52.44836],[16.83892,52.44831],[16.83909,52.44816],[16.83919,52.44811],[16.83923,52.44808],[16.83942,52.44798],[16.83961,52.44786],[16.83981,52.44772],[16.83992,52.44765],[16.83995,52.44758],[16.83997,52.4474],[16.84003,52.44732],[16.84016,52.44722],[16.84031,52.44708],[16.84058,52.44692],[16.84094,52.44667],[16.84096,52.44665],[16.84116,52.44644],[16.84127,52.44625],[16.84133,52.44616],[16.84134,52.44597],[16.84135,52.44591],[16.8417,52.44554],[16.84178,52.44544],[16.84221,52.4451],[16.84244,52.44489],[16.84266,52.44467],[16.84301,52.44448],[16.84308,52.44444],[16.84308,52.44428],[16.84334,52.44369],[16.84346,52.44313],[16.84363,52.44269],[16.8436,52.44248],[16.84356,52.44241],[16.84354,52.44233],[16.84355,52.44222],[16.84353,52.44215],[16.8435,52.4418],[16.84347,52.44168],[16.8435,52.44153],[16.84354,52.4414],[16.8437,52.44126],[16.84373,52.44118],[16.84375,52.44107],[16.84383,52.44091],[16.84408,52.44076],[16.84451,52.44061],[16.8449,52.44051],[16.84503,52.44049],[16.84511,52.44049],[16.84526,52.44054],[16.84529,52.4405],[16.84648,52.44053],[16.84656,52.44052],[16.84686,52.44047],[16.84705,52.44042],[16.84743,52.44029],[16.84784,52.44021],[16.84811,52.44019],[16.8491,52.44003],[16.84934,52.43998],[16.84934,52.43996],[16.84946,52.43956],[16.84956,52.43933],[16.84951,52.43923],[16.85015,52.43877],[16.85034,52.43871],[16.85179,52.43827],[16.85295,52.43784],[16.85391,52.43742],[16.85416,52.43741],[16.85424,52.43743],[16.85487,52.43704],[16.85513,52.4369],[16.85524,52.43686],[16.85539,52.43681],[16.85543,52.43672],[16.85566,52.43659],[16.85611,52.43636],[16.85645,52.43619],[16.85682,52.43595],[16.85758,52.43561],[16.8576,52.43542],[16.85948,52.43633],[16.8612,52.43716],[16.86203,52.43757],[16.86234,52.4377],[16.86234,52.4377],[16.86297,52.43794],[16.86366,52.43815],[16.8642,52.43829],[16.86491,52.43845],[16.86572,52.43858],[16.86634,52.43867],[16.86699,52.4387],[16.86758,52.4387],[16.86836,52.43867],[16.86889,52.43862],[16.86914,52.43859],[16.8697,52.43851],[16.87027,52.4384],[16.87183,52.43806],[16.87219,52.43799],[16.8725,52.43794],[16.87287,52.43791],[16.87334,52.43789],[16.87389,52.43788],[16.87437,52.43788],[16.87495,52.43786],[16.87762,52.43786],[16.87893,52.43787],[16.88174,52.43786],[16.88223,52.43787],[16.88286,52.43784],[16.88329,52.43784],[16.88398,52.43786],[16.88576,52.43793],[16.88574,52.43832],[16.88571,52.43879],[16.88568,52.43921],[16.88566,52.43962],[16.88563,52.44],[16.88557,52.44045],[16.88551,52.44075],[16.88545,52.441],[16.88536,52.4413],[16.88529,52.44153],[16.88519,52.44179],[16.88511,52.44198],[16.88501,52.44221],[16.88489,52.44246],[16.88479,52.44265],[16.88465,52.4429],[16.88455,52.44308],[16.88443,52.44328],[16.88441,52.4433],[16.88428,52.44353],[16.88412,52.44378],[16.88396,52.44405],[16.88377,52.44436],[16.88368,52.4445],[16.88354,52.44471],[16.88344,52.44485],[16.8833,52.44503],[16.88317,52.44519],[16.88301,52.44539],[16.88289,52.44553],[16.88274,52.44568],[16.88257,52.44585],[16.88244,52.44599],[16.88223,52.44618],[16.882,52.44639],[16.8818,52.44656],[16.88174,52.44662],[16.88151,52.44682],[16.88126,52.44702],[16.88089,52.44736],[16.88055,52.44765],[16.8803,52.44787],[16.88,52.44813],[16.87977,52.44833],[16.87926,52.44877],[16.8786,52.44935],[16.87798,52.44989],[16.87729,52.45048],[16.87653,52.45114],[16.87579,52.45179],[16.87509,52.4524],[16.87447,52.45294],[16.8739,52.45343],[16.87316,52.45408],[16.87238,52.45476],[16.87164,52.4554],[16.87102,52.45594],[16.87034,52.45653],[16.86962,52.45715],[16.86888,52.4578],[16.86829,52.45832],[16.86778,52.45877],[16.86708,52.45937],[16.86647,52.45991],[16.86594,52.46037],[16.86512,52.46107],[16.86463,52.4615],[16.86418,52.46189],[16.86377,52.46225],[16.86331,52.46265],[16.86262,52.46325],[16.86199,52.46379],[16.86149,52.46422],[16.86099,52.46465],[16.86033,52.46522],[16.86022,52.46531],[16.86004,52.46548],[16.85985,52.46564],[16.85963,52.46584],[16.85945,52.46599],[16.85923,52.46618],[16.85903,52.46635],[16.85886,52.46651],[16.8587,52.46665],[16.85856,52.46677],[16.85835,52.46695],[16.85813,52.46713],[16.85778,52.46744],[16.8575,52.46769],[16.85713,52.468],[16.85689,52.46822],[16.85671,52.46838],[16.85641,52.46863],[16.85619,52.46882],[16.85604,52.46895],[16.85589,52.46908],[16.85562,52.46932],[16.85532,52.46958],[16.85505,52.46981]]]]}},{"type":"Feature","properties":{"i":41,"name":"Szczepankowo-Spławie-Krzesinki"},"geometry":{"type":"MultiPolygon","coordinates":[[[[17.03099,52.37963],[17.03087,52.37965],[17.02874,52.37966],[17.01955,52.37971],[17.01831,52.38234],[17.01679,52.38565],[17.00332,52.37978],[16.99563,52.37643],[16.99478,52.37606],[16.99397,52.37571],[16.99336,52.37544],[16.99284,52.37524],[16.99088,52.37462],[16.99033,52.3743],[16.9867,52.37246],[16.99016,52.36959],[16.99061,52.3692],[16.99094,52.36888],[16.99121,52.36852],[16.99145,52.36813],[16.99161,52.36771],[16.99182,52.36717],[16.99252,52.36513],[16.99312,52.36344],[16.99413,52.36053],[16.99448,52.35953],[16.9949,52.35829],[16.99543,52.35681],[16.99589,52.35547],[16.99719,52.35174],[16.99823,52.34877],[16.99922,52.3459],[17.00004,52.34356],[17.00053,52.34215],[17.00069,52.34177],[17.00091,52.34134],[17.00109,52.34102],[17.00138,52.34062],[17.00165,52.34029],[17.002,52.33991],[17.00237,52.33958],[17.00299,52.33907],[17.00354,52.3387],[17.00429,52.33826],[17.00505,52.3379],[17.00596,52.33753],[17.00735,52.33703],[17.00858,52.3366],[17.01103,52.33575],[17.01109,52.33581],[17.01111,52.33583],[17.01124,52.33597],[17.01158,52.33632],[17.01211,52.33694],[17.01242,52.3368],[17.01302,52.33654],[17.01305,52.33653],[17.01326,52.33647],[17.01339,52.33644],[17.01419,52.33601],[17.01446,52.33613],[17.01456,52.33621],[17.01464,52.3364],[17.01464,52.3364],[17.0145,52.33662],[17.0145,52.33662],[17.01454,52.33687],[17.01487,52.33705],[17.0152,52.33721],[17.0155,52.33725],[17.01566,52.33738],[17.01615,52.33688],[17.01639,52.33665],[17.01648,52.3366],[17.01661,52.33653],[17.01684,52.33641],[17.01699,52.33633],[17.01754,52.336],[17.01804,52.33563],[17.01837,52.33535],[17.01848,52.33527],[17.01878,52.3351],[17.01895,52.33504],[17.01907,52.33499],[17.01918,52.33495],[17.01973,52.3348],[17.02047,52.33469],[17.02112,52.33451],[17.02135,52.33443],[17.02153,52.33435],[17.02185,52.33422],[17.02218,52.33405],[17.02229,52.33399],[17.0223,52.33398],[17.02302,52.33345],[17.02306,52.33343],[17.02314,52.33339],[17.0232,52.33336],[17.02349,52.33325],[17.02352,52.33324],[17.02377,52.33316],[17.02401,52.33308],[17.02407,52.33306],[17.02427,52.33299],[17.02449,52.33291],[17.02479,52.33289],[17.02514,52.33283],[17.02534,52.33284],[17.02618,52.33259],[17.02806,52.33201],[17.02815,52.33198],[17.03077,52.33118],[17.03315,52.33045],[17.03317,52.33045],[17.03324,52.33042],[17.03332,52.3304],[17.03339,52.33038],[17.03685,52.32932],[17.03708,52.32886],[17.03711,52.32878],[17.03728,52.32844],[17.03743,52.32866],[17.03746,52.3287],[17.0375,52.32876],[17.03751,52.32877],[17.03755,52.32882],[17.03765,52.32896],[17.03766,52.32898],[17.03813,52.32965],[17.03835,52.32996],[17.03844,52.33009],[17.03857,52.33028],[17.03875,52.33053],[17.03894,52.3308],[17.03941,52.33147],[17.03977,52.33198],[17.04088,52.33287],[17.04095,52.33292],[17.04154,52.33339],[17.04217,52.3339],[17.04292,52.33484],[17.04377,52.33602],[17.04462,52.33752],[17.0451,52.33843],[17.04511,52.33843],[17.04513,52.33848],[17.04519,52.33856],[17.04549,52.33895],[17.04559,52.33908],[17.04593,52.33952],[17.04657,52.34036],[17.04671,52.34049],[17.04732,52.34104],[17.04789,52.34155],[17.04844,52.34207],[17.0485,52.34207],[17.04917,52.34202],[17.0492,52.34202],[17.04934,52.34201],[17.04936,52.34204],[17.04939,52.34207],[17.05021,52.34296],[17.05077,52.34358],[17.05096,52.34378],[17.05142,52.34445],[17.05189,52.34512],[17.05212,52.34628],[17.05265,52.34719],[17.05332,52.34805],[17.05353,52.34833],[17.05359,52.34842],[17.05371,52.34857],[17.05372,52.34858],[17.05408,52.34908],[17.05448,52.34988],[17.05452,52.34996],[17.05514,52.35091],[17.05523,52.35112],[17.05552,52.3518],[17.05559,52.35189],[17.05615,52.35263],[17.0569,52.3536],[17.05726,52.35399],[17.05771,52.35448],[17.05773,52.35461],[17.05781,52.3555],[17.05819,52.35643],[17.05861,52.3575],[17.05828,52.35843],[17.05828,52.35844],[17.05828,52.35844],[17.05826,52.35845],[17.05775,52.35896],[17.05775,52.35896],[17.05757,52.35915],[17.05757,52.35915],[17.05775,52.35973],[17.05776,52.35979],[17.05778,52.35985],[17.0578,52.3599],[17.05781,52.35991],[17.05775,52.3599],[17.05768,52.35992],[17.0576,52.35995],[17.05734,52.36011],[17.05703,52.36031],[17.05684,52.36043],[17.05646,52.36089],[17.05619,52.36122],[17.05609,52.36133],[17.05581,52.36166],[17.05556,52.36196],[17.05536,52.36221],[17.05532,52.36226],[17.05529,52.36228],[17.05522,52.36231],[17.0551,52.36234],[17.05416,52.36258],[17.05402,52.36263],[17.05395,52.36264],[17.0539,52.36263],[17.05383,52.3626],[17.05381,52.36258],[17.05376,52.36256],[17.05369,52.36254],[17.05361,52.36255],[17.05338,52.3627],[17.05291,52.36307],[17.05243,52.36344],[17.05222,52.36358],[17.05197,52.36368],[17.05188,52.36371],[17.05179,52.36375],[17.0515,52.36402],[17.05117,52.36432],[17.05106,52.3644],[17.05088,52.36453],[17.05024,52.36505],[17.04975,52.36544],[17.04805,52.36666],[17.04767,52.36694],[17.04642,52.36789],[17.04622,52.36806],[17.04613,52.36822],[17.04559,52.36864],[17.04533,52.36882],[17.04413,52.36976],[17.04393,52.36996],[17.0436,52.37015],[17.04341,52.37027],[17.04234,52.37105],[17.0419,52.37134],[17.04162,52.3715],[17.0412,52.3717],[17.04095,52.37187],[17.04081,52.37193],[17.04055,52.37198],[17.03926,52.37196],[17.03918,52.37196],[17.03804,52.37193],[17.0375,52.37192],[17.03696,52.37194],[17.03655,52.37199],[17.03632,52.37299],[17.03617,52.37365],[17.03545,52.37634],[17.035,52.37791],[17.03474,52.37873],[17.03446,52.37965],[17.03439,52.37974],[17.03431,52.37978],[17.0342,52.37982],[17.03407,52.37983],[17.03365,52.37981],[17.0322,52.37971],[17.03124,52.37964],[17.03111,52.37963],[17.03099,52.37963]]]]}}]}